/*
 Navicat Premium Data Transfer

 Source Server         : fuweihu
 Source Server Type    : MySQL
 Source Server Version : 50643
 Source Host           : 47.92.196.104:3306
 Source Schema         : ScoreBoard

 Target Server Type    : MySQL
 Target Server Version : 50643
 File Encoding         : 65001

 Date: 22/04/2019 02:43:08
*/

SET NAMES utf8mb4;
SET FOREIGN_KEY_CHECKS = 0;

-- ----------------------------
-- Table structure for athletes
-- ----------------------------
DROP TABLE IF EXISTS `athletes`;
CREATE TABLE `athletes`  (
  `id` int(11) NOT NULL AUTO_INCREMENT,
  `stu_num` varchar(20) CHARACTER SET utf8 COLLATE utf8_general_ci DEFAULT NULL COMMENT '体育部运动员标号',
  `name` varchar(20) CHARACTER SET utf8 COLLATE utf8_general_ci NOT NULL COMMENT '运动员名称',
  `sex` varchar(1) CHARACTER SET utf8 COLLATE utf8_general_ci DEFAULT NULL COMMENT '性别',
  `college_id` int(11) DEFAULT NULL COMMENT '学院编号',
  `class_name` varchar(20) CHARACTER SET utf8 COLLATE utf8_general_ci DEFAULT NULL COMMENT '班级',
  `isteam` int(11) NOT NULL COMMENT '是否是团队',
  PRIMARY KEY (`id`) USING BTREE,
  INDEX `college_id`(`college_id`) USING BTREE,
  CONSTRAINT `athletes_ibfk_1` FOREIGN KEY (`college_id`) REFERENCES `college` (`id`) ON DELETE RESTRICT ON UPDATE RESTRICT
) ENGINE = InnoDB AUTO_INCREMENT = 1131 CHARACTER SET = utf8 COLLATE = utf8_general_ci ROW_FORMAT = Compact;

-- ----------------------------
-- Records of athletes
-- ----------------------------
INSERT INTO `athletes` VALUES (0, NULL, '', NULL, NULL, NULL, 0);
INSERT INTO `athletes` VALUES (1, '0100', '李潇', '1', 1, NULL, 0);
INSERT INTO `athletes` VALUES (2, '0101', '王添阳', '1', 1, NULL, 0);
INSERT INTO `athletes` VALUES (3, '0102', '李晨乐', '1', 1, NULL, 0);
INSERT INTO `athletes` VALUES (4, '0103', '李志鹏', '1', 1, NULL, 0);
INSERT INTO `athletes` VALUES (5, '0104', '王虎', '1', 1, NULL, 0);
INSERT INTO `athletes` VALUES (6, '0105', '杨益博', '1', 1, NULL, 0);
INSERT INTO `athletes` VALUES (7, '0106', '阮仕飞', '1', 1, NULL, 0);
INSERT INTO `athletes` VALUES (8, '0107', '侯晨景', '1', 1, NULL, 0);
INSERT INTO `athletes` VALUES (9, '0108', '张轩宁', '1', 1, NULL, 0);
INSERT INTO `athletes` VALUES (10, '0109', '薛超强', '1', 1, NULL, 0);
INSERT INTO `athletes` VALUES (11, '0110', '郭子瞻', '1', 1, NULL, 0);
INSERT INTO `athletes` VALUES (12, '0111', '郝亮亮', '1', 1, NULL, 0);
INSERT INTO `athletes` VALUES (13, '0112', '郝志雄', '1', 1, NULL, 0);
INSERT INTO `athletes` VALUES (14, '0113', '代松伯', '1', 1, NULL, 0);
INSERT INTO `athletes` VALUES (15, '0114', '袁宝龙', '1', 1, NULL, 0);
INSERT INTO `athletes` VALUES (16, '0115', '高明伟', '1', 1, NULL, 0);
INSERT INTO `athletes` VALUES (17, '0116', '王春辉', '1', 1, NULL, 0);
INSERT INTO `athletes` VALUES (18, '0117', '薛双舟', '1', 1, NULL, 0);
INSERT INTO `athletes` VALUES (19, '0118', '徐荣达', '1', 1, NULL, 0);
INSERT INTO `athletes` VALUES (20, '0119', '黄云', '1', 1, NULL, 0);
INSERT INTO `athletes` VALUES (21, '0120', '李朔同', '1', 1, NULL, 0);
INSERT INTO `athletes` VALUES (22, '0121', '徐干', '1', 1, NULL, 0);
INSERT INTO `athletes` VALUES (23, '0122', '陈博峰', '1', 1, NULL, 0);
INSERT INTO `athletes` VALUES (24, '0123', '张鹏飞', '1', 1, NULL, 0);
INSERT INTO `athletes` VALUES (25, '0124', '杨泽川', '1', 1, NULL, 0);
INSERT INTO `athletes` VALUES (26, '0125', '虞兴欢', '1', 1, NULL, 0);
INSERT INTO `athletes` VALUES (27, '0126', '李杰', '1', 1, NULL, 0);
INSERT INTO `athletes` VALUES (28, '0127', '马旺旺', '1', 1, NULL, 0);
INSERT INTO `athletes` VALUES (29, '0150', '薛庆源', '2', 1, NULL, 0);
INSERT INTO `athletes` VALUES (30, '0151', '高沁涵', '2', 1, NULL, 0);
INSERT INTO `athletes` VALUES (31, '0152', '唐欢', '2', 1, NULL, 0);
INSERT INTO `athletes` VALUES (32, '0153', '杨文静', '2', 1, NULL, 0);
INSERT INTO `athletes` VALUES (33, '0154', '谢旻希', '2', 1, NULL, 0);
INSERT INTO `athletes` VALUES (34, '0155', '宋雅玲', '2', 1, NULL, 0);
INSERT INTO `athletes` VALUES (35, '0156', '秦雨欣', '2', 1, NULL, 0);
INSERT INTO `athletes` VALUES (36, '0157', '任宇航', '2', 1, NULL, 0);
INSERT INTO `athletes` VALUES (37, '0158', '李丹', '2', 1, NULL, 0);
INSERT INTO `athletes` VALUES (38, '0159', '欧阳杨', '2', 1, NULL, 0);
INSERT INTO `athletes` VALUES (39, '0160', '陈妮', '2', 1, NULL, 0);
INSERT INTO `athletes` VALUES (40, '0161', '权瑛瑛', '2', 1, NULL, 0);
INSERT INTO `athletes` VALUES (41, '0162', '侯柯帆', '2', 1, NULL, 0);
INSERT INTO `athletes` VALUES (42, '0163', '陈梦琪', '2', 1, NULL, 0);
INSERT INTO `athletes` VALUES (43, '0164', '李欣怡', '2', 1, NULL, 0);
INSERT INTO `athletes` VALUES (44, '0165', '谈雨儿', '2', 1, NULL, 0);
INSERT INTO `athletes` VALUES (45, '0166', '许贝', '2', 1, NULL, 0);
INSERT INTO `athletes` VALUES (46, '0167', '王宇', '2', 1, NULL, 0);
INSERT INTO `athletes` VALUES (47, '0168', '李欢', '2', 1, NULL, 0);
INSERT INTO `athletes` VALUES (48, '0169', '惠馨怡', '2', 1, NULL, 0);
INSERT INTO `athletes` VALUES (49, '0170', '张妍', '2', 1, NULL, 0);
INSERT INTO `athletes` VALUES (50, '0200', '黄书琦', '1', 2, NULL, 0);
INSERT INTO `athletes` VALUES (51, '0201', '赵虎', '1', 2, NULL, 0);
INSERT INTO `athletes` VALUES (52, '0202', '白嘉璇', '1', 2, NULL, 0);
INSERT INTO `athletes` VALUES (53, '0203', '韩刘洋', '1', 2, NULL, 0);
INSERT INTO `athletes` VALUES (54, '0204', '宁博文', '1', 2, NULL, 0);
INSERT INTO `athletes` VALUES (55, '0205', '杨朝志', '1', 2, NULL, 0);
INSERT INTO `athletes` VALUES (56, '0206', '陈子浩', '1', 2, NULL, 0);
INSERT INTO `athletes` VALUES (57, '0207', '罗雨杭', '1', 2, NULL, 0);
INSERT INTO `athletes` VALUES (58, '0208', '殷伟斌', '1', 2, NULL, 0);
INSERT INTO `athletes` VALUES (59, '0209', '李亚超', '1', 2, NULL, 0);
INSERT INTO `athletes` VALUES (60, '0210', '梁阔燚', '1', 2, NULL, 0);
INSERT INTO `athletes` VALUES (61, '0211', '涂陈成', '1', 2, NULL, 0);
INSERT INTO `athletes` VALUES (62, '0212', '唐源江', '1', 2, NULL, 0);
INSERT INTO `athletes` VALUES (63, '0213', '孔凡亮', '1', 2, NULL, 0);
INSERT INTO `athletes` VALUES (64, '0214', '王国峰', '1', 2, NULL, 0);
INSERT INTO `athletes` VALUES (65, '0215', '肖博鸿', '1', 2, NULL, 0);
INSERT INTO `athletes` VALUES (66, '0216', '张一凡', '1', 2, NULL, 0);
INSERT INTO `athletes` VALUES (67, '0217', '李哲源', '1', 2, NULL, 0);
INSERT INTO `athletes` VALUES (68, '0218', '谢斐', '1', 2, NULL, 0);
INSERT INTO `athletes` VALUES (69, '0219', '刘昕瑀', '1', 2, NULL, 0);
INSERT INTO `athletes` VALUES (70, '0220', '梁非', '1', 2, NULL, 0);
INSERT INTO `athletes` VALUES (71, '0221', '周延', '1', 2, NULL, 0);
INSERT INTO `athletes` VALUES (72, '0250', '赵婷', '2', 2, NULL, 0);
INSERT INTO `athletes` VALUES (73, '0251', '李泰含', '2', 2, NULL, 0);
INSERT INTO `athletes` VALUES (74, '0252', '刘慧', '2', 2, NULL, 0);
INSERT INTO `athletes` VALUES (75, '0253', '马孟岚', '2', 2, NULL, 0);
INSERT INTO `athletes` VALUES (76, '0254', '卢韵贤', '2', 2, NULL, 0);
INSERT INTO `athletes` VALUES (77, '0255', '李莎', '2', 2, NULL, 0);
INSERT INTO `athletes` VALUES (78, '0256', '张雯静', '2', 2, NULL, 0);
INSERT INTO `athletes` VALUES (79, '0257', '何瑞芳', '2', 2, NULL, 0);
INSERT INTO `athletes` VALUES (80, '0258', '陈倩', '2', 2, NULL, 0);
INSERT INTO `athletes` VALUES (81, '0259', '柴玉梅', '2', 2, NULL, 0);
INSERT INTO `athletes` VALUES (82, '0260', '张晓静', '2', 2, NULL, 0);
INSERT INTO `athletes` VALUES (83, '0261', '滕雪婷', '2', 2, NULL, 0);
INSERT INTO `athletes` VALUES (84, '0262', '白赟', '2', 2, NULL, 0);
INSERT INTO `athletes` VALUES (85, '0263', '王静', '2', 2, NULL, 0);
INSERT INTO `athletes` VALUES (86, '0264', '廖亚宁', '2', 2, NULL, 0);
INSERT INTO `athletes` VALUES (87, '0265', '张瑞', '2', 2, NULL, 0);
INSERT INTO `athletes` VALUES (88, '0300', '张小龙', '1', 3, NULL, 0);
INSERT INTO `athletes` VALUES (89, '0301', '程乾', '1', 3, NULL, 0);
INSERT INTO `athletes` VALUES (90, '0302', '沈  鑫', '1', 3, NULL, 0);
INSERT INTO `athletes` VALUES (91, '0303', '苏振华', '1', 3, NULL, 0);
INSERT INTO `athletes` VALUES (92, '0304', '方志坤', '1', 3, NULL, 0);
INSERT INTO `athletes` VALUES (93, '0305', '袁裕翔', '1', 3, NULL, 0);
INSERT INTO `athletes` VALUES (94, '0306', '姜坤', '1', 3, NULL, 0);
INSERT INTO `athletes` VALUES (95, '0307', '张浩', '1', 3, NULL, 0);
INSERT INTO `athletes` VALUES (96, '0350', '乃吉买', '2', 3, NULL, 0);
INSERT INTO `athletes` VALUES (97, '0351', '祖丽胡玛尔', '2', 3, NULL, 0);
INSERT INTO `athletes` VALUES (98, '0352', '雷庆', '2', 3, NULL, 0);
INSERT INTO `athletes` VALUES (99, '0353', '赵欣婷', '2', 3, NULL, 0);
INSERT INTO `athletes` VALUES (100, '0354', '苏桐', '2', 3, NULL, 0);
INSERT INTO `athletes` VALUES (101, '0355', '孙恬', '2', 3, NULL, 0);
INSERT INTO `athletes` VALUES (102, '0356', '蔡建婷', '2', 3, NULL, 0);
INSERT INTO `athletes` VALUES (103, '0357', '徐静茹', '2', 3, NULL, 0);
INSERT INTO `athletes` VALUES (104, '0358', '马熙蕾', '2', 3, NULL, 0);
INSERT INTO `athletes` VALUES (105, '0359', '马思睿', '2', 3, NULL, 0);
INSERT INTO `athletes` VALUES (106, '0360', '李润', '2', 3, NULL, 0);
INSERT INTO `athletes` VALUES (107, '0361', '朱佳佳', '2', 3, NULL, 0);
INSERT INTO `athletes` VALUES (108, '0362', '李湘', '2', 3, NULL, 0);
INSERT INTO `athletes` VALUES (109, '0363', '刘坤', '2', 3, NULL, 0);
INSERT INTO `athletes` VALUES (110, '0364', '刘春蕾', '2', 3, NULL, 0);
INSERT INTO `athletes` VALUES (111, '0400', '杨梦梦', '1', 4, NULL, 0);
INSERT INTO `athletes` VALUES (112, '0401', '徐笠豪', '1', 4, NULL, 0);
INSERT INTO `athletes` VALUES (113, '0402', '惠乙', '1', 4, NULL, 0);
INSERT INTO `athletes` VALUES (114, '0403', '汪启宏', '1', 4, NULL, 0);
INSERT INTO `athletes` VALUES (115, '0404', '罗锐', '1', 4, NULL, 0);
INSERT INTO `athletes` VALUES (116, '0405', '刘嘉龙', '1', 4, NULL, 0);
INSERT INTO `athletes` VALUES (117, '0406', '赵文强', '1', 4, NULL, 0);
INSERT INTO `athletes` VALUES (118, '0407', '彭平安', '1', 4, NULL, 0);
INSERT INTO `athletes` VALUES (119, '0408', '康凯瑞', '1', 4, NULL, 0);
INSERT INTO `athletes` VALUES (120, '0409', '谢谦', '1', 4, NULL, 0);
INSERT INTO `athletes` VALUES (121, '0410', '韩俊杰', '1', 4, NULL, 0);
INSERT INTO `athletes` VALUES (122, '0411', '王文涵', '1', 4, NULL, 0);
INSERT INTO `athletes` VALUES (123, '0412', '王安云', '1', 4, NULL, 0);
INSERT INTO `athletes` VALUES (124, '0413', '张杰', '1', 4, NULL, 0);
INSERT INTO `athletes` VALUES (125, '0414', '雷巨成', '1', 4, NULL, 0);
INSERT INTO `athletes` VALUES (126, '0450', '郝佳慧', '2', 4, NULL, 0);
INSERT INTO `athletes` VALUES (127, '0451', '黎婷', '2', 4, NULL, 0);
INSERT INTO `athletes` VALUES (128, '0452', '贺巧凤', '2', 4, NULL, 0);
INSERT INTO `athletes` VALUES (129, '0453', '雒翡', '2', 4, NULL, 0);
INSERT INTO `athletes` VALUES (130, '0454', '李梦盈', '2', 4, NULL, 0);
INSERT INTO `athletes` VALUES (131, '0455', '韩卓媛', '2', 4, NULL, 0);
INSERT INTO `athletes` VALUES (132, '0456', '张妮丹', '2', 4, NULL, 0);
INSERT INTO `athletes` VALUES (133, '0457', '依巴古丽 塔吉', '2', 4, NULL, 0);
INSERT INTO `athletes` VALUES (134, '0458', '张方珂', '2', 4, NULL, 0);
INSERT INTO `athletes` VALUES (135, '0459', '程培雯', '2', 4, NULL, 0);
INSERT INTO `athletes` VALUES (136, '0460', '吴欣雨', '2', 4, NULL, 0);
INSERT INTO `athletes` VALUES (137, '0461', '杨雨昕', '2', 4, NULL, 0);
INSERT INTO `athletes` VALUES (138, '0462', '闫皮', '2', 4, NULL, 0);
INSERT INTO `athletes` VALUES (139, '0463', '何文君', '2', 4, NULL, 0);
INSERT INTO `athletes` VALUES (140, '0464', '万蕊莹', '2', 4, NULL, 0);
INSERT INTO `athletes` VALUES (141, '0465', '张琳暄', '2', 4, NULL, 0);
INSERT INTO `athletes` VALUES (142, '0466', '徐德珊', '2', 4, NULL, 0);
INSERT INTO `athletes` VALUES (143, '0467', '余黎', '2', 4, NULL, 0);
INSERT INTO `athletes` VALUES (144, '0468', '周恬甜', '2', 4, NULL, 0);
INSERT INTO `athletes` VALUES (145, '0469', '王昭超', '2', 4, NULL, 0);
INSERT INTO `athletes` VALUES (146, '0500', '闫嘉琪', '1', 5, NULL, 0);
INSERT INTO `athletes` VALUES (147, '0501', '张亦弛', '1', 5, NULL, 0);
INSERT INTO `athletes` VALUES (148, '0502', '张丁仁', '1', 5, NULL, 0);
INSERT INTO `athletes` VALUES (149, '0503', '杨驰宇', '1', 5, NULL, 0);
INSERT INTO `athletes` VALUES (150, '0504', '李理想', '1', 5, NULL, 0);
INSERT INTO `athletes` VALUES (151, '0505', '余江', '1', 5, NULL, 0);
INSERT INTO `athletes` VALUES (152, '0506', '刘承昊', '1', 5, NULL, 0);
INSERT INTO `athletes` VALUES (153, '0507', '刘国龙', '1', 5, NULL, 0);
INSERT INTO `athletes` VALUES (154, '0508', '王志强', '1', 5, NULL, 0);
INSERT INTO `athletes` VALUES (155, '0509', '张正', '1', 5, NULL, 0);
INSERT INTO `athletes` VALUES (156, '0510', '张奇', '1', 5, NULL, 0);
INSERT INTO `athletes` VALUES (157, '0511', '陈屹东', '1', 5, NULL, 0);
INSERT INTO `athletes` VALUES (158, '0512', '宗廷赫', '1', 5, NULL, 0);
INSERT INTO `athletes` VALUES (159, '0513', '张强', '1', 5, NULL, 0);
INSERT INTO `athletes` VALUES (160, '0514', '张一衍', '1', 5, NULL, 0);
INSERT INTO `athletes` VALUES (161, '0515', '郑帅杰', '1', 5, NULL, 0);
INSERT INTO `athletes` VALUES (162, '0516', '李鹏', '1', 5, NULL, 0);
INSERT INTO `athletes` VALUES (163, '0517', '拓明轩', '1', 5, NULL, 0);
INSERT INTO `athletes` VALUES (164, '0518', '朱智鹏', '1', 5, NULL, 0);
INSERT INTO `athletes` VALUES (165, '0519', '刘治良', '1', 5, NULL, 0);
INSERT INTO `athletes` VALUES (167, '0520', '王力宏', '1', 5, NULL, 0);
INSERT INTO `athletes` VALUES (168, '0521', '李朝伟', '1', 5, NULL, 0);
INSERT INTO `athletes` VALUES (169, '0522', '许泽文', '1', 5, NULL, 0);
INSERT INTO `athletes` VALUES (170, '0523', '张小刚', '1', 5, NULL, 0);
INSERT INTO `athletes` VALUES (171, '0524', '黄宇腾', '1', 5, NULL, 0);
INSERT INTO `athletes` VALUES (172, '0525', '王航航', '1', 5, NULL, 0);
INSERT INTO `athletes` VALUES (173, '0526', '付智勇', '1', 5, NULL, 0);
INSERT INTO `athletes` VALUES (174, '0527', '赵佳龙', '1', 5, NULL, 0);
INSERT INTO `athletes` VALUES (175, '0528', '况宇杰', '1', 5, NULL, 0);
INSERT INTO `athletes` VALUES (176, '0529', '任俊俊', '1', 5, NULL, 0);
INSERT INTO `athletes` VALUES (177, '0530', '段浩', '1', 5, NULL, 0);
INSERT INTO `athletes` VALUES (178, '0531', '张旭', '1', 5, NULL, 0);
INSERT INTO `athletes` VALUES (179, '0532', '张宝华', '1', 5, NULL, 0);
INSERT INTO `athletes` VALUES (180, '0533', '徐振阳', '1', 5, NULL, 0);
INSERT INTO `athletes` VALUES (181, '0550', '李若瑜', '2', 5, NULL, 0);
INSERT INTO `athletes` VALUES (182, '0551', '王茜', '2', 5, NULL, 0);
INSERT INTO `athletes` VALUES (183, '0552', '陈小英', '2', 5, NULL, 0);
INSERT INTO `athletes` VALUES (184, '0553', '陈兴慧', '2', 5, NULL, 0);
INSERT INTO `athletes` VALUES (185, '0554', '杨会兰', '2', 5, NULL, 0);
INSERT INTO `athletes` VALUES (186, '0555', '罗迩遐', '2', 5, NULL, 0);
INSERT INTO `athletes` VALUES (187, '0556', '夏欣琦', '2', 5, NULL, 0);
INSERT INTO `athletes` VALUES (188, '0557', '刘鑫', '2', 5, NULL, 0);
INSERT INTO `athletes` VALUES (189, '0558', '胡桥梅', '2', 5, NULL, 0);
INSERT INTO `athletes` VALUES (190, '0559', '左露', '2', 5, NULL, 0);
INSERT INTO `athletes` VALUES (191, '0560', '范景楠', '2', 5, NULL, 0);
INSERT INTO `athletes` VALUES (192, '0561', '韦妍', '2', 5, NULL, 0);
INSERT INTO `athletes` VALUES (193, '0562', '李思雨', '2', 5, NULL, 0);
INSERT INTO `athletes` VALUES (194, '0563', '赵艾萌', '2', 5, NULL, 0);
INSERT INTO `athletes` VALUES (195, '0564', '贺蒙', '2', 5, NULL, 0);
INSERT INTO `athletes` VALUES (196, '0565', '武小艳', '2', 5, NULL, 0);
INSERT INTO `athletes` VALUES (197, '0566', '赵琲琪', '2', 5, NULL, 0);
INSERT INTO `athletes` VALUES (198, '0600', '孙奕', '1', 6, NULL, 0);
INSERT INTO `athletes` VALUES (199, '0601', '张万虎', '1', 6, NULL, 0);
INSERT INTO `athletes` VALUES (200, '0602', '张有优', '1', 6, NULL, 0);
INSERT INTO `athletes` VALUES (201, '0603', '钱嘉', '1', 6, NULL, 0);
INSERT INTO `athletes` VALUES (202, '0604', '符和明', '1', 6, NULL, 0);
INSERT INTO `athletes` VALUES (203, '0605', '崔逸海', '1', 6, NULL, 0);
INSERT INTO `athletes` VALUES (204, '0606', '沈天熠', '1', 6, NULL, 0);
INSERT INTO `athletes` VALUES (205, '0607', '魏江涛', '1', 6, NULL, 0);
INSERT INTO `athletes` VALUES (206, '0608', '孟成', '1', 6, NULL, 0);
INSERT INTO `athletes` VALUES (207, '0609', '袁少明', '1', 6, NULL, 0);
INSERT INTO `athletes` VALUES (208, '0610', '刘涛', '1', 6, NULL, 0);
INSERT INTO `athletes` VALUES (209, '0611', '李兴源', '1', 6, NULL, 0);
INSERT INTO `athletes` VALUES (210, '0612', '罗东', '1', 6, NULL, 0);
INSERT INTO `athletes` VALUES (211, '0613', '王于源', '1', 6, NULL, 0);
INSERT INTO `athletes` VALUES (212, '0614', '武乾坤', '1', 6, NULL, 0);
INSERT INTO `athletes` VALUES (213, '0615', '崔开源', '1', 6, NULL, 0);
INSERT INTO `athletes` VALUES (214, '0616', '任文武', '1', 6, NULL, 0);
INSERT INTO `athletes` VALUES (215, '0617', '龚世玉', '1', 6, NULL, 0);
INSERT INTO `athletes` VALUES (216, '0618', '魏逸凡', '1', 6, NULL, 0);
INSERT INTO `athletes` VALUES (217, '0619', '李昊', '1', 6, NULL, 0);
INSERT INTO `athletes` VALUES (218, '0620', '陈康冠旗', '1', 6, NULL, 0);
INSERT INTO `athletes` VALUES (219, '0621', '张航', '1', 6, NULL, 0);
INSERT INTO `athletes` VALUES (220, '0622', '范晋譞', '1', 6, NULL, 0);
INSERT INTO `athletes` VALUES (221, '0623', '张云飞', '1', 6, NULL, 0);
INSERT INTO `athletes` VALUES (222, '0624', '王溢', '1', 6, NULL, 0);
INSERT INTO `athletes` VALUES (223, '0625', '梁腾飞', '1', 6, NULL, 0);
INSERT INTO `athletes` VALUES (224, '0626', '丁俊鹏', '1', 6, NULL, 0);
INSERT INTO `athletes` VALUES (225, '0627', '王永强', '1', 6, NULL, 0);
INSERT INTO `athletes` VALUES (226, '0628', '加磊', '1', 6, NULL, 0);
INSERT INTO `athletes` VALUES (227, '0629', '李佳诚', '1', 6, NULL, 0);
INSERT INTO `athletes` VALUES (228, '0650', '牛春燕', '2', 6, NULL, 0);
INSERT INTO `athletes` VALUES (229, '0651', '任嘉睿', '2', 6, NULL, 0);
INSERT INTO `athletes` VALUES (230, '0652', '许诺', '2', 6, NULL, 0);
INSERT INTO `athletes` VALUES (231, '0653', '翟欣然', '2', 6, NULL, 0);
INSERT INTO `athletes` VALUES (232, '0654', '徐可心', '2', 6, NULL, 0);
INSERT INTO `athletes` VALUES (233, '0655', '张维喆', '2', 6, NULL, 0);
INSERT INTO `athletes` VALUES (234, '0656', '杨凡', '2', 6, NULL, 0);
INSERT INTO `athletes` VALUES (235, '0657', '李月', '2', 6, NULL, 0);
INSERT INTO `athletes` VALUES (236, '0658', '罗思韵', '2', 6, NULL, 0);
INSERT INTO `athletes` VALUES (237, '0659', '隋心杰', '2', 6, NULL, 0);
INSERT INTO `athletes` VALUES (238, '0660', '姚萨', '2', 6, NULL, 0);
INSERT INTO `athletes` VALUES (239, '0661', '李艳平', '2', 6, NULL, 0);
INSERT INTO `athletes` VALUES (240, '0662', '郭嘉婷', '2', 6, NULL, 0);
INSERT INTO `athletes` VALUES (241, '0663', '钟灵毓秀', '2', 6, NULL, 0);
INSERT INTO `athletes` VALUES (242, '0664', '骆明维', '2', 6, NULL, 0);
INSERT INTO `athletes` VALUES (243, '0665', '舒静', '2', 6, NULL, 0);
INSERT INTO `athletes` VALUES (244, '0666', '郝蓉蓉', '2', 6, NULL, 0);
INSERT INTO `athletes` VALUES (245, '0667', '刘承琳', '2', 6, NULL, 0);
INSERT INTO `athletes` VALUES (246, '0668', '张倩钰', '2', 6, NULL, 0);
INSERT INTO `athletes` VALUES (247, '0669', '赵彦晶', '2', 6, NULL, 0);
INSERT INTO `athletes` VALUES (248, '0670', '张盼', '2', 6, NULL, 0);
INSERT INTO `athletes` VALUES (249, '0671', '高晗', '2', 6, NULL, 0);
INSERT INTO `athletes` VALUES (250, '0672', '邓梦婷', '2', 6, NULL, 0);
INSERT INTO `athletes` VALUES (251, '0673', '解瑾', '2', 6, NULL, 0);
INSERT INTO `athletes` VALUES (252, '0674', '李晶', '2', 6, NULL, 0);
INSERT INTO `athletes` VALUES (253, '0700', '靳栋', '1', 7, NULL, 0);
INSERT INTO `athletes` VALUES (254, '0701', '柴正威', '1', 7, NULL, 0);
INSERT INTO `athletes` VALUES (255, '0702', '王枨', '1', 7, NULL, 0);
INSERT INTO `athletes` VALUES (256, '0703', '高飞', '1', 7, NULL, 0);
INSERT INTO `athletes` VALUES (257, '0704', '陈尚坤', '1', 7, NULL, 0);
INSERT INTO `athletes` VALUES (258, '0705', '王晨', '1', 7, NULL, 0);
INSERT INTO `athletes` VALUES (259, '0706', '张光楠', '1', 7, NULL, 0);
INSERT INTO `athletes` VALUES (260, '0707', '岳磊磊', '1', 7, NULL, 0);
INSERT INTO `athletes` VALUES (261, '0708', '卢昭熙', '1', 7, NULL, 0);
INSERT INTO `athletes` VALUES (262, '0709', '吴昊', '1', 7, NULL, 0);
INSERT INTO `athletes` VALUES (263, '0710', '刘姣航', '1', 7, NULL, 0);
INSERT INTO `athletes` VALUES (264, '0711', '余乐', '1', 7, NULL, 0);
INSERT INTO `athletes` VALUES (265, '0712', '屈杰', '1', 7, NULL, 0);
INSERT INTO `athletes` VALUES (266, '0713', '姚泽冰', '1', 7, NULL, 0);
INSERT INTO `athletes` VALUES (267, '0714', '马鸿新', '1', 7, NULL, 0);
INSERT INTO `athletes` VALUES (268, '0715', '吴昭颐', '1', 7, NULL, 0);
INSERT INTO `athletes` VALUES (269, '0716', '党龙珊', '1', 7, NULL, 0);
INSERT INTO `athletes` VALUES (270, '0717', '刘延', '1', 7, NULL, 0);
INSERT INTO `athletes` VALUES (271, '0718', '杨嘉彬', '1', 7, NULL, 0);
INSERT INTO `athletes` VALUES (272, '0719', '杨康', '1', 7, NULL, 0);
INSERT INTO `athletes` VALUES (273, '0720', '裴妙德', '1', 7, NULL, 0);
INSERT INTO `athletes` VALUES (274, '0721', '张瑞琦', '1', 7, NULL, 0);
INSERT INTO `athletes` VALUES (275, '0722', '晏广璟', '1', 7, NULL, 0);
INSERT INTO `athletes` VALUES (276, '0723', '郑天旭', '1', 7, NULL, 0);
INSERT INTO `athletes` VALUES (277, '0724', '李嘉华', '1', 7, NULL, 0);
INSERT INTO `athletes` VALUES (278, '0725', '李云杰', '1', 7, NULL, 0);
INSERT INTO `athletes` VALUES (279, '0726', '刘锦辉', '1', 7, NULL, 0);
INSERT INTO `athletes` VALUES (280, '0727', '刘旗', '1', 7, NULL, 0);
INSERT INTO `athletes` VALUES (281, '0750', '朱亚楠', '2', 7, NULL, 0);
INSERT INTO `athletes` VALUES (282, '0751', '刘乐', '2', 7, NULL, 0);
INSERT INTO `athletes` VALUES (283, '0752', '陈咪', '2', 7, NULL, 0);
INSERT INTO `athletes` VALUES (284, '0753', '史月婷', '2', 7, NULL, 0);
INSERT INTO `athletes` VALUES (285, '0754', '陈一欣', '2', 7, NULL, 0);
INSERT INTO `athletes` VALUES (286, '0755', '杨玉婷', '2', 7, NULL, 0);
INSERT INTO `athletes` VALUES (287, '0756', '贾雅欣', '2', 7, NULL, 0);
INSERT INTO `athletes` VALUES (288, '0757', '蔡雯雯', '2', 7, NULL, 0);
INSERT INTO `athletes` VALUES (289, '0758', '黄珂韵', '2', 7, NULL, 0);
INSERT INTO `athletes` VALUES (290, '0759', '党婉婷', '2', 7, NULL, 0);
INSERT INTO `athletes` VALUES (291, '0760', '惠秋丽', '2', 7, NULL, 0);
INSERT INTO `athletes` VALUES (292, '0761', '张秋怡', '2', 7, NULL, 0);
INSERT INTO `athletes` VALUES (293, '0762', '刘佳媛', '2', 7, NULL, 0);
INSERT INTO `athletes` VALUES (294, '0763', '张心雨', '2', 7, NULL, 0);
INSERT INTO `athletes` VALUES (295, '0764', '宋美艳', '2', 7, NULL, 0);
INSERT INTO `athletes` VALUES (296, '0765', '颜如玉', '2', 7, NULL, 0);
INSERT INTO `athletes` VALUES (297, '0766', '李陈依婷', '2', 7, NULL, 0);
INSERT INTO `athletes` VALUES (298, '0767', '张梦颖', '2', 7, NULL, 0);
INSERT INTO `athletes` VALUES (299, '0768', '王建聪', '2', 7, NULL, 0);
INSERT INTO `athletes` VALUES (300, '0769', '李雯静', '2', 7, NULL, 0);
INSERT INTO `athletes` VALUES (301, '0770', '杜秋雨', '2', 7, NULL, 0);
INSERT INTO `athletes` VALUES (302, '0771', '周陪', '2', 7, NULL, 0);
INSERT INTO `athletes` VALUES (303, '0772', '陈雯倩', '2', 7, NULL, 0);
INSERT INTO `athletes` VALUES (304, '0773', '罗佳利', '2', 7, NULL, 0);
INSERT INTO `athletes` VALUES (305, '0774', '蔡培', '2', 7, NULL, 0);
INSERT INTO `athletes` VALUES (306, '0775', '王佳琦', '2', 7, NULL, 0);
INSERT INTO `athletes` VALUES (307, '0800', '石天豪', '1', 8, NULL, 0);
INSERT INTO `athletes` VALUES (308, '0801', '雷金', '1', 8, NULL, 0);
INSERT INTO `athletes` VALUES (309, '0802', '高世翱', '1', 8, NULL, 0);
INSERT INTO `athletes` VALUES (310, '0803', '艾泽买提江', '1', 8, NULL, 0);
INSERT INTO `athletes` VALUES (311, '0804', '王嘉毅', '1', 8, NULL, 0);
INSERT INTO `athletes` VALUES (312, '0805', '武熠腾达', '1', 8, NULL, 0);
INSERT INTO `athletes` VALUES (313, '0806', '阿曼', '1', 8, NULL, 0);
INSERT INTO `athletes` VALUES (314, '0807', '买而当', '1', 8, NULL, 0);
INSERT INTO `athletes` VALUES (315, '0808', '王小龙', '1', 8, NULL, 0);
INSERT INTO `athletes` VALUES (316, '0809', '侯晨阳', '1', 8, NULL, 0);
INSERT INTO `athletes` VALUES (317, '0810', '蒋续赠', '1', 8, NULL, 0);
INSERT INTO `athletes` VALUES (318, '0811', '赵景安', '1', 8, NULL, 0);
INSERT INTO `athletes` VALUES (319, '0812', '南凯强', '1', 8, NULL, 0);
INSERT INTO `athletes` VALUES (320, '0813', '尼木格尔', '1', 8, NULL, 0);
INSERT INTO `athletes` VALUES (321, '0814', '米尔扎提', '1', 8, NULL, 0);
INSERT INTO `athletes` VALUES (322, '0815', '叶刚', '1', 8, NULL, 0);
INSERT INTO `athletes` VALUES (323, '0816', '赵振铎', '1', 8, NULL, 0);
INSERT INTO `athletes` VALUES (324, '0817', '李韦瀚', '1', 8, NULL, 0);
INSERT INTO `athletes` VALUES (325, '0818', '张怡阳', '1', 8, NULL, 0);
INSERT INTO `athletes` VALUES (326, '0819', '韩腾飞', '1', 8, NULL, 0);
INSERT INTO `athletes` VALUES (327, '0820', '张淼鑫', '1', 8, NULL, 0);
INSERT INTO `athletes` VALUES (328, '0821', '艾力纳扎尔', '1', 8, NULL, 0);
INSERT INTO `athletes` VALUES (329, '0822', '段赛帆', '1', 8, NULL, 0);
INSERT INTO `athletes` VALUES (330, '0823', '高兴义', '1', 8, NULL, 0);
INSERT INTO `athletes` VALUES (331, '0824', '秦晗潇', '1', 8, NULL, 0);
INSERT INTO `athletes` VALUES (332, '0825', '明瑞双', '1', 8, NULL, 0);
INSERT INTO `athletes` VALUES (333, '0826', '魏瑶瑶', '1', 8, NULL, 0);
INSERT INTO `athletes` VALUES (334, '0827', '买买提', '1', 8, NULL, 0);
INSERT INTO `athletes` VALUES (335, '0828', '马俊', '1', 8, NULL, 0);
INSERT INTO `athletes` VALUES (336, '0829', '周升亮', '1', 8, NULL, 0);
INSERT INTO `athletes` VALUES (337, '0850', '马欣欣', '2', 8, NULL, 0);
INSERT INTO `athletes` VALUES (338, '0851', '王洋', '2', 8, NULL, 0);
INSERT INTO `athletes` VALUES (339, '0852', '陈娜', '2', 8, NULL, 0);
INSERT INTO `athletes` VALUES (340, '0853', '杜佳静', '2', 8, NULL, 0);
INSERT INTO `athletes` VALUES (341, '0854', '梁玥', '2', 8, NULL, 0);
INSERT INTO `athletes` VALUES (342, '0855', '王婷', '2', 8, NULL, 0);
INSERT INTO `athletes` VALUES (343, '0856', '金珊珊', '2', 8, NULL, 0);
INSERT INTO `athletes` VALUES (344, '0857', '薛寒晓', '2', 8, NULL, 0);
INSERT INTO `athletes` VALUES (345, '0858', '高宇嘉', '2', 8, NULL, 0);
INSERT INTO `athletes` VALUES (346, '0859', '关琳', '2', 8, NULL, 0);
INSERT INTO `athletes` VALUES (347, '0860', '张严洁', '2', 8, NULL, 0);
INSERT INTO `athletes` VALUES (348, '0861', '程沛', '2', 8, NULL, 0);
INSERT INTO `athletes` VALUES (349, '0862', '慕海燕', '2', 8, NULL, 0);
INSERT INTO `athletes` VALUES (350, '0863', '韩晴', '2', 8, NULL, 0);
INSERT INTO `athletes` VALUES (351, '0864', '张草', '2', 8, NULL, 0);
INSERT INTO `athletes` VALUES (352, '0865', '艾比拜·阿卜拉', '2', 8, NULL, 0);
INSERT INTO `athletes` VALUES (353, '0866', '陈珊', '2', 8, NULL, 0);
INSERT INTO `athletes` VALUES (354, '0867', '王源', '2', 8, NULL, 0);
INSERT INTO `athletes` VALUES (355, '0868', '毛爽', '2', 8, NULL, 0);
INSERT INTO `athletes` VALUES (356, '0869', '李雅迪', '2', 8, NULL, 0);
INSERT INTO `athletes` VALUES (357, '0870', '丁祥婕', '2', 8, NULL, 0);
INSERT INTO `athletes` VALUES (358, '0871', '周灵云', '2', 8, NULL, 0);
INSERT INTO `athletes` VALUES (359, '0872', '石梦蝶', '2', 8, NULL, 0);
INSERT INTO `athletes` VALUES (360, '0873', '李荣', '2', 8, NULL, 0);
INSERT INTO `athletes` VALUES (361, '0874', '古丽乃再尔', '2', 8, NULL, 0);
INSERT INTO `athletes` VALUES (362, '0875', '张越越', '2', 8, NULL, 0);
INSERT INTO `athletes` VALUES (363, '0876', '杨欣欣', '2', 8, NULL, 0);
INSERT INTO `athletes` VALUES (364, '0877', '西仁阿依·如孜', '2', 8, NULL, 0);
INSERT INTO `athletes` VALUES (365, '0878', '张晶晶', '2', 8, NULL, 0);
INSERT INTO `athletes` VALUES (366, '0879', '陈薪宇', '2', 8, NULL, 0);
INSERT INTO `athletes` VALUES (367, '0880', '王思雨', '2', 8, NULL, 0);
INSERT INTO `athletes` VALUES (368, '0881', '张小睿', '2', 8, NULL, 0);
INSERT INTO `athletes` VALUES (369, '0900', '何焱', '1', 9, NULL, 0);
INSERT INTO `athletes` VALUES (370, '0901', '涂开槐', '1', 9, NULL, 0);
INSERT INTO `athletes` VALUES (371, '0902', '田凯丰', '1', 9, NULL, 0);
INSERT INTO `athletes` VALUES (372, '0903', '刘亦凡', '1', 9, NULL, 0);
INSERT INTO `athletes` VALUES (373, '0904', '郑亚洲', '1', 9, NULL, 0);
INSERT INTO `athletes` VALUES (374, '0905', '卫国华', '1', 9, NULL, 0);
INSERT INTO `athletes` VALUES (375, '0906', '李强', '1', 9, NULL, 0);
INSERT INTO `athletes` VALUES (376, '0907', '田鹏程', '1', 9, NULL, 0);
INSERT INTO `athletes` VALUES (377, '0908', '刘真', '1', 9, NULL, 0);
INSERT INTO `athletes` VALUES (378, '0909', '王有乾', '1', 9, NULL, 0);
INSERT INTO `athletes` VALUES (379, '0910', '石旭', '1', 9, NULL, 0);
INSERT INTO `athletes` VALUES (380, '0911', '赵哲霖', '1', 9, NULL, 0);
INSERT INTO `athletes` VALUES (381, '0912', '赵渊', '1', 9, NULL, 0);
INSERT INTO `athletes` VALUES (382, '0913', '姜磊', '1', 9, NULL, 0);
INSERT INTO `athletes` VALUES (383, '0914', '朱江晨', '1', 9, NULL, 0);
INSERT INTO `athletes` VALUES (384, '0915', '王泽昊', '1', 9, NULL, 0);
INSERT INTO `athletes` VALUES (385, '0916', '郭一凡', '1', 9, NULL, 0);
INSERT INTO `athletes` VALUES (386, '0917', '彭宇飞', '1', 9, NULL, 0);
INSERT INTO `athletes` VALUES (387, '0918', '郑谋江', '1', 9, NULL, 0);
INSERT INTO `athletes` VALUES (388, '0919', '毛喆伟', '1', 9, NULL, 0);
INSERT INTO `athletes` VALUES (389, '0920', '康开勇', '1', 9, NULL, 0);
INSERT INTO `athletes` VALUES (390, '0921', '董佳鑫', '1', 9, NULL, 0);
INSERT INTO `athletes` VALUES (391, '0922', '刘一麟', '1', 9, NULL, 0);
INSERT INTO `athletes` VALUES (392, '0923', '吴良', '1', 9, NULL, 0);
INSERT INTO `athletes` VALUES (393, '0924', '毛浓钰', '1', 9, NULL, 0);
INSERT INTO `athletes` VALUES (394, '0925', '刘建宁', '1', 9, NULL, 0);
INSERT INTO `athletes` VALUES (395, '0926', '李小斌', '1', 9, NULL, 0);
INSERT INTO `athletes` VALUES (396, '0950', '张宇婷', '2', 9, NULL, 0);
INSERT INTO `athletes` VALUES (397, '0951', '卢心', '2', 9, NULL, 0);
INSERT INTO `athletes` VALUES (398, '0952', '李西华', '2', 9, NULL, 0);
INSERT INTO `athletes` VALUES (399, '0953', '程辉芸', '2', 9, NULL, 0);
INSERT INTO `athletes` VALUES (400, '0954', '李  睿', '2', 9, NULL, 0);
INSERT INTO `athletes` VALUES (401, '0955', '李一杰', '2', 9, NULL, 0);
INSERT INTO `athletes` VALUES (402, '0956', '苏霞', '2', 9, NULL, 0);
INSERT INTO `athletes` VALUES (403, '0957', '张宇婷', '2', 9, NULL, 0);
INSERT INTO `athletes` VALUES (404, '0958', '蒋雯祎', '2', 9, NULL, 0);
INSERT INTO `athletes` VALUES (405, '0959', '陈楠', '2', 9, NULL, 0);
INSERT INTO `athletes` VALUES (406, '0960', '付菀婷', '2', 9, NULL, 0);
INSERT INTO `athletes` VALUES (407, '0961', '丁静研', '2', 9, NULL, 0);
INSERT INTO `athletes` VALUES (408, '0962', '吴福玲', '2', 9, NULL, 0);
INSERT INTO `athletes` VALUES (409, '0963', '冯雪婷', '2', 9, NULL, 0);
INSERT INTO `athletes` VALUES (410, '0964', '刘茜', '2', 9, NULL, 0);
INSERT INTO `athletes` VALUES (411, '0965', '贾研', '2', 9, NULL, 0);
INSERT INTO `athletes` VALUES (412, '0966', '郝彩凤', '2', 9, NULL, 0);
INSERT INTO `athletes` VALUES (413, '0967', '刘旭薇', '2', 9, NULL, 0);
INSERT INTO `athletes` VALUES (414, '0968', '李敬怡', '2', 9, NULL, 0);
INSERT INTO `athletes` VALUES (415, '1000', '郭敏', '1', 10, NULL, 0);
INSERT INTO `athletes` VALUES (416, '1001', '赵大庆', '1', 10, NULL, 0);
INSERT INTO `athletes` VALUES (417, '1002', '雷乾祥', '1', 10, NULL, 0);
INSERT INTO `athletes` VALUES (418, '1003', '毛鹏飞', '1', 10, NULL, 0);
INSERT INTO `athletes` VALUES (419, '1004', '李子涵', '1', 10, NULL, 0);
INSERT INTO `athletes` VALUES (420, '1005', '张雨哲', '1', 10, NULL, 0);
INSERT INTO `athletes` VALUES (421, '1006', '景军凯', '1', 10, NULL, 0);
INSERT INTO `athletes` VALUES (422, '1007', '王涵', '1', 10, NULL, 0);
INSERT INTO `athletes` VALUES (423, '1008', '张轲明', '1', 10, NULL, 0);
INSERT INTO `athletes` VALUES (424, '1009', '张博洋', '1', 10, NULL, 0);
INSERT INTO `athletes` VALUES (425, '1010', '黄麒龙', '1', 10, NULL, 0);
INSERT INTO `athletes` VALUES (426, '1011', '张瑞麟', '1', 10, NULL, 0);
INSERT INTO `athletes` VALUES (427, '1012', '殷玉龙', '1', 10, NULL, 0);
INSERT INTO `athletes` VALUES (428, '1013', '姜子穆', '1', 10, NULL, 0);
INSERT INTO `athletes` VALUES (429, '1014', '吴浩鑫', '1', 10, NULL, 0);
INSERT INTO `athletes` VALUES (430, '1015', '许荣涛', '1', 10, NULL, 0);
INSERT INTO `athletes` VALUES (431, '1016', '陈世鹏', '1', 10, NULL, 0);
INSERT INTO `athletes` VALUES (432, '1017', '范佳晨', '1', 10, NULL, 0);
INSERT INTO `athletes` VALUES (433, '1018', '杜致远', '1', 10, NULL, 0);
INSERT INTO `athletes` VALUES (434, '1019', '张珂', '1', 10, NULL, 0);
INSERT INTO `athletes` VALUES (435, '1020', '张腾宇', '1', 10, NULL, 0);
INSERT INTO `athletes` VALUES (436, '1021', '刘状状', '1', 10, NULL, 0);
INSERT INTO `athletes` VALUES (437, '1022', '张力', '1', 10, NULL, 0);
INSERT INTO `athletes` VALUES (438, '1023', '卢震亚', '1', 10, NULL, 0);
INSERT INTO `athletes` VALUES (439, '1024', '来家乐', '1', 10, NULL, 0);
INSERT INTO `athletes` VALUES (440, '1025', '陈俊儒', '1', 10, NULL, 0);
INSERT INTO `athletes` VALUES (441, '1026', '钟子豪', '1', 10, NULL, 0);
INSERT INTO `athletes` VALUES (442, '1027', '曹荣祺', '1', 10, NULL, 0);
INSERT INTO `athletes` VALUES (443, '1028', '王续亭', '1', 10, NULL, 0);
INSERT INTO `athletes` VALUES (444, '1029', '李彦清', '1', 10, NULL, 0);
INSERT INTO `athletes` VALUES (445, '1030', '李仍轩', '1', 10, NULL, 0);
INSERT INTO `athletes` VALUES (446, '1031', '柳程曦', '1', 10, NULL, 0);
INSERT INTO `athletes` VALUES (447, '1032', '邹荣城', '1', 10, NULL, 0);
INSERT INTO `athletes` VALUES (448, '1050', '李佳欣', '2', 10, NULL, 0);
INSERT INTO `athletes` VALUES (449, '1051', '郭纪雯', '2', 10, NULL, 0);
INSERT INTO `athletes` VALUES (450, '1052', '王瑛', '2', 10, NULL, 0);
INSERT INTO `athletes` VALUES (451, '1053', '王敏', '2', 10, NULL, 0);
INSERT INTO `athletes` VALUES (452, '1054', '肖玉洁', '2', 10, NULL, 0);
INSERT INTO `athletes` VALUES (453, '1055', '智敏', '2', 10, NULL, 0);
INSERT INTO `athletes` VALUES (454, '1056', '吴焕哲', '2', 10, NULL, 0);
INSERT INTO `athletes` VALUES (455, '1057', '孙瑞迎', '2', 10, NULL, 0);
INSERT INTO `athletes` VALUES (456, '1058', '余凡', '2', 10, NULL, 0);
INSERT INTO `athletes` VALUES (457, '1059', '张一凡', '2', 10, NULL, 0);
INSERT INTO `athletes` VALUES (458, '1060', '刘璐璐', '2', 10, NULL, 0);
INSERT INTO `athletes` VALUES (459, '1061', '吕冰欣', '2', 10, NULL, 0);
INSERT INTO `athletes` VALUES (460, '1062', '蔡金娜', '2', 10, NULL, 0);
INSERT INTO `athletes` VALUES (461, '1063', '闫涛', '2', 10, NULL, 0);
INSERT INTO `athletes` VALUES (462, '1064', '刘熙', '2', 10, NULL, 0);
INSERT INTO `athletes` VALUES (463, '1065', '杨洋', '2', 10, NULL, 0);
INSERT INTO `athletes` VALUES (464, '1066', '耿涵玉', '2', 10, NULL, 0);
INSERT INTO `athletes` VALUES (465, '1067', '张钰宏', '2', 10, NULL, 0);
INSERT INTO `athletes` VALUES (466, '1068', '赵彦涵', '2', 10, NULL, 0);
INSERT INTO `athletes` VALUES (467, '1069', '吴亭仪', '2', 10, NULL, 0);
INSERT INTO `athletes` VALUES (468, '1070', '杜竹林', '2', 10, NULL, 0);
INSERT INTO `athletes` VALUES (469, '1071', '闫珠蓥', '2', 10, NULL, 0);
INSERT INTO `athletes` VALUES (470, '1072', '毛芷雯', '2', 10, NULL, 0);
INSERT INTO `athletes` VALUES (471, '1073', '彭珂', '2', 10, NULL, 0);
INSERT INTO `athletes` VALUES (472, '1074', '王誉淇', '2', 10, NULL, 0);
INSERT INTO `athletes` VALUES (473, '1075', '王云云', '2', 10, NULL, 0);
INSERT INTO `athletes` VALUES (474, '1076', '魏昊圆', '2', 10, NULL, 0);
INSERT INTO `athletes` VALUES (475, '1077', '李嘉晨', '2', 10, NULL, 0);
INSERT INTO `athletes` VALUES (476, '1078', '谢洁维', '2', 10, NULL, 0);
INSERT INTO `athletes` VALUES (477, '1079', '徐月', '2', 10, NULL, 0);
INSERT INTO `athletes` VALUES (478, '1080', '周宇萍', '2', 10, NULL, 0);
INSERT INTO `athletes` VALUES (479, '1081', '谷春燕', '2', 10, NULL, 0);
INSERT INTO `athletes` VALUES (480, '1082', '唐甜恬', '2', 10, NULL, 0);
INSERT INTO `athletes` VALUES (481, '1083', '冯译霆', '2', 10, NULL, 0);
INSERT INTO `athletes` VALUES (482, '1084', '刘婷', '2', 10, NULL, 0);
INSERT INTO `athletes` VALUES (483, '1085', '唐淅淅', '2', 10, NULL, 0);
INSERT INTO `athletes` VALUES (484, '1086', '王睿缘', '2', 10, NULL, 0);
INSERT INTO `athletes` VALUES (485, '1087', '王昕', '2', 10, NULL, 0);
INSERT INTO `athletes` VALUES (486, '1088', '贾紫娟', '2', 10, NULL, 0);
INSERT INTO `athletes` VALUES (487, '1089', '李韶君', '2', 10, NULL, 0);
INSERT INTO `athletes` VALUES (488, '1090', '王淼琪', '2', 10, NULL, 0);
INSERT INTO `athletes` VALUES (489, '1100', '刘天宇', '1', 11, NULL, 0);
INSERT INTO `athletes` VALUES (490, '1101', '崔颖昭', '1', 11, NULL, 0);
INSERT INTO `athletes` VALUES (491, '1102', '白若晗', '1', 11, NULL, 0);
INSERT INTO `athletes` VALUES (492, '1103', '高峰', '1', 11, NULL, 0);
INSERT INTO `athletes` VALUES (493, '1104', '邢泽坤', '1', 11, NULL, 0);
INSERT INTO `athletes` VALUES (494, '1105', '熊心', '1', 11, NULL, 0);
INSERT INTO `athletes` VALUES (495, '1106', '何其龙', '1', 11, NULL, 0);
INSERT INTO `athletes` VALUES (496, '1107', '崔存泽', '1', 11, NULL, 0);
INSERT INTO `athletes` VALUES (497, '1108', '郭子豪', '1', 11, NULL, 0);
INSERT INTO `athletes` VALUES (498, '1109', '高瑞尧', '1', 11, NULL, 0);
INSERT INTO `athletes` VALUES (499, '1110', '冯泽超', '1', 11, NULL, 0);
INSERT INTO `athletes` VALUES (500, '1111', '穆凯鹏', '1', 11, NULL, 0);
INSERT INTO `athletes` VALUES (501, '1112', '刘佳毅', '1', 11, NULL, 0);
INSERT INTO `athletes` VALUES (502, '1113', '方宝瑞', '1', 11, NULL, 0);
INSERT INTO `athletes` VALUES (503, '1114', '李治龙', '1', 11, NULL, 0);
INSERT INTO `athletes` VALUES (504, '1115', '王宏飞', '1', 11, NULL, 0);
INSERT INTO `athletes` VALUES (505, '1116', '刘亮', '1', 11, NULL, 0);
INSERT INTO `athletes` VALUES (506, '1117', '郑洪', '1', 11, NULL, 0);
INSERT INTO `athletes` VALUES (507, '1118', '张鑫', '1', 11, NULL, 0);
INSERT INTO `athletes` VALUES (508, '1119', '张润', '1', 11, NULL, 0);
INSERT INTO `athletes` VALUES (509, '1120', '章宇飞', '1', 11, NULL, 0);
INSERT INTO `athletes` VALUES (510, '1121', '许俊豪', '1', 11, NULL, 0);
INSERT INTO `athletes` VALUES (511, '1122', '王家豪', '1', 11, NULL, 0);
INSERT INTO `athletes` VALUES (512, '1123', '李开创', '1', 11, NULL, 0);
INSERT INTO `athletes` VALUES (513, '1124', '渠帅政', '1', 11, NULL, 0);
INSERT INTO `athletes` VALUES (514, '1125', '惠润杰', '1', 11, NULL, 0);
INSERT INTO `athletes` VALUES (515, '1150', '卢静文', '2', 11, NULL, 0);
INSERT INTO `athletes` VALUES (516, '1151', '薛甜利', '2', 11, NULL, 0);
INSERT INTO `athletes` VALUES (517, '1152', '曹泽予', '2', 11, NULL, 0);
INSERT INTO `athletes` VALUES (518, '1153', '吴一佳', '2', 11, NULL, 0);
INSERT INTO `athletes` VALUES (519, '1154', '吉祥瑞', '2', 11, NULL, 0);
INSERT INTO `athletes` VALUES (520, '1155', '杨钰', '2', 11, NULL, 0);
INSERT INTO `athletes` VALUES (521, '1156', '种晓燕', '2', 11, NULL, 0);
INSERT INTO `athletes` VALUES (522, '1157', '种晓燕', '2', 11, NULL, 0);
INSERT INTO `athletes` VALUES (523, '1158', '唐曦', '2', 11, NULL, 0);
INSERT INTO `athletes` VALUES (524, '1159', '周爽', '2', 11, NULL, 0);
INSERT INTO `athletes` VALUES (525, '1160', '殷世林', '2', 11, NULL, 0);
INSERT INTO `athletes` VALUES (526, '1161', '贺利娜', '2', 11, NULL, 0);
INSERT INTO `athletes` VALUES (527, '1162', '崔子逸', '2', 11, NULL, 0);
INSERT INTO `athletes` VALUES (528, '1163', '史程祺', '2', 11, NULL, 0);
INSERT INTO `athletes` VALUES (529, '1164', '丁雪爽', '2', 11, NULL, 0);
INSERT INTO `athletes` VALUES (530, '1165', '刘泽熙', '2', 11, NULL, 0);
INSERT INTO `athletes` VALUES (531, '1166', '庄改利', '2', 11, NULL, 0);
INSERT INTO `athletes` VALUES (532, '1167', '贺凤凤', '2', 11, NULL, 0);
INSERT INTO `athletes` VALUES (533, '1168', '蔡嫣然', '2', 11, NULL, 0);
INSERT INTO `athletes` VALUES (534, '1169', '杜卷侠', '2', 11, NULL, 0);
INSERT INTO `athletes` VALUES (535, '1170', '王兰兰', '2', 11, NULL, 0);
INSERT INTO `athletes` VALUES (536, '1171', '陈乐乐', '2', 11, NULL, 0);
INSERT INTO `athletes` VALUES (537, '1172', '卫紫炎', '2', 11, NULL, 0);
INSERT INTO `athletes` VALUES (538, '1173', '向金莲', '2', 11, NULL, 0);
INSERT INTO `athletes` VALUES (539, '1174', '张笑笑', '2', 11, NULL, 0);
INSERT INTO `athletes` VALUES (540, '1175', '郑英', '2', 11, NULL, 0);
INSERT INTO `athletes` VALUES (541, '1176', '谢璐璐', '2', 11, NULL, 0);
INSERT INTO `athletes` VALUES (542, '1177', '向诗睿', '2', 11, NULL, 0);
INSERT INTO `athletes` VALUES (543, '1178', '李霖娜', '2', 11, NULL, 0);
INSERT INTO `athletes` VALUES (544, '1179', '杨艳', '2', 11, NULL, 0);
INSERT INTO `athletes` VALUES (545, '1180', '高艳', '2', 11, NULL, 0);
INSERT INTO `athletes` VALUES (546, '1181', '杨紫薇', '2', 11, NULL, 0);
INSERT INTO `athletes` VALUES (547, '1182', '朱梦瑶', '2', 11, NULL, 0);
INSERT INTO `athletes` VALUES (548, '1183', '王雪慧', '2', 11, NULL, 0);
INSERT INTO `athletes` VALUES (549, '1184', '刘美霞', '2', 11, NULL, 0);
INSERT INTO `athletes` VALUES (550, '1185', '宋佳湉', '2', 11, NULL, 0);
INSERT INTO `athletes` VALUES (551, '1186', '史双', '2', 11, NULL, 0);
INSERT INTO `athletes` VALUES (552, '1200', '朱登坤', '1', 12, NULL, 0);
INSERT INTO `athletes` VALUES (553, '1201', '江育平', '1', 12, NULL, 0);
INSERT INTO `athletes` VALUES (554, '1202', '叶希航', '1', 12, NULL, 0);
INSERT INTO `athletes` VALUES (555, '1203', '高吉明', '1', 12, NULL, 0);
INSERT INTO `athletes` VALUES (556, '1204', '李江', '1', 12, NULL, 0);
INSERT INTO `athletes` VALUES (557, '1205', '陈家帅', '1', 12, NULL, 0);
INSERT INTO `athletes` VALUES (558, '1206', '李伟', '1', 12, NULL, 0);
INSERT INTO `athletes` VALUES (559, '1207', '乔龙', '1', 12, NULL, 0);
INSERT INTO `athletes` VALUES (560, '1210', '罗家茁', '1', 12, NULL, 0);
INSERT INTO `athletes` VALUES (561, '1211', '毛震', '1', 12, NULL, 0);
INSERT INTO `athletes` VALUES (562, '1250', '杨青桐', '2', 12, NULL, 0);
INSERT INTO `athletes` VALUES (563, '1251', '张越', '2', 12, NULL, 0);
INSERT INTO `athletes` VALUES (564, '1252', '李芳', '2', 12, NULL, 0);
INSERT INTO `athletes` VALUES (565, '1253', '徐楠楠', '2', 12, NULL, 0);
INSERT INTO `athletes` VALUES (566, '1254', '乔欣研', '2', 12, NULL, 0);
INSERT INTO `athletes` VALUES (567, '1255', '孙瑞', '2', 12, NULL, 0);
INSERT INTO `athletes` VALUES (568, '1256', '何敏', '2', 12, NULL, 0);
INSERT INTO `athletes` VALUES (569, '1257', '杨晓玉', '2', 12, NULL, 0);
INSERT INTO `athletes` VALUES (570, '1258', '燕婷婷', '2', 12, NULL, 0);
INSERT INTO `athletes` VALUES (571, '1259', '魏盼', '2', 12, NULL, 0);
INSERT INTO `athletes` VALUES (572, '1260', '韦正蝉', '2', 12, NULL, 0);
INSERT INTO `athletes` VALUES (573, '1300', '李亚东', '1', 13, NULL, 0);
INSERT INTO `athletes` VALUES (574, '1301', '倪一凡', '1', 13, NULL, 0);
INSERT INTO `athletes` VALUES (575, '1302', '朱浩瑞', '1', 13, NULL, 0);
INSERT INTO `athletes` VALUES (576, '1303', '姬理哲', '1', 13, NULL, 0);
INSERT INTO `athletes` VALUES (577, '1304', '张博元', '1', 13, NULL, 0);
INSERT INTO `athletes` VALUES (578, '1305', '刘元明', '1', 13, NULL, 0);
INSERT INTO `athletes` VALUES (579, '1306', '董定洋', '1', 13, NULL, 0);
INSERT INTO `athletes` VALUES (580, '1307', '答佳晟', '1', 13, NULL, 0);
INSERT INTO `athletes` VALUES (581, '1308', '封晟哲', '1', 13, NULL, 0);
INSERT INTO `athletes` VALUES (582, '1309', '张定潘', '1', 13, NULL, 0);
INSERT INTO `athletes` VALUES (583, '1310', '冉宁远', '1', 13, NULL, 0);
INSERT INTO `athletes` VALUES (584, '1311', '李晨昊', '1', 13, NULL, 0);
INSERT INTO `athletes` VALUES (585, '1312', '徐泽文', '1', 13, NULL, 0);
INSERT INTO `athletes` VALUES (586, '1313', '侯鹏飞', '1', 13, NULL, 0);
INSERT INTO `athletes` VALUES (587, '1314', '尹鹏程', '1', 13, NULL, 0);
INSERT INTO `athletes` VALUES (588, '1315', '郭建钊', '1', 13, NULL, 0);
INSERT INTO `athletes` VALUES (589, '1316', '东逸轩', '1', 13, NULL, 0);
INSERT INTO `athletes` VALUES (590, '1317', '黄继恒', '1', 13, NULL, 0);
INSERT INTO `athletes` VALUES (591, '1318', '王艺瑾', '1', 13, NULL, 0);
INSERT INTO `athletes` VALUES (592, '1319', '张越', '1', 13, NULL, 0);
INSERT INTO `athletes` VALUES (593, '1320', '陈正亮', '1', 13, NULL, 0);
INSERT INTO `athletes` VALUES (594, '1321', '张虎', '1', 13, NULL, 0);
INSERT INTO `athletes` VALUES (595, '1322', '刘岩松', '1', 13, NULL, 0);
INSERT INTO `athletes` VALUES (596, '1323', '刘智森', '1', 13, NULL, 0);
INSERT INTO `athletes` VALUES (597, '1324', '杨炯', '1', 13, NULL, 0);
INSERT INTO `athletes` VALUES (598, '1325', '梁乐', '1', 13, NULL, 0);
INSERT INTO `athletes` VALUES (599, '1326', '袁子龙', '1', 13, NULL, 0);
INSERT INTO `athletes` VALUES (600, '1327', '王向阳', '1', 13, NULL, 0);
INSERT INTO `athletes` VALUES (601, '1350', '赵玲', '2', 13, NULL, 0);
INSERT INTO `athletes` VALUES (602, '1351', '张慧琴', '2', 13, NULL, 0);
INSERT INTO `athletes` VALUES (603, '1352', '刘允绚', '2', 13, NULL, 0);
INSERT INTO `athletes` VALUES (604, '1353', '刘帆', '2', 13, NULL, 0);
INSERT INTO `athletes` VALUES (605, '1354', '彭宇', '2', 13, NULL, 0);
INSERT INTO `athletes` VALUES (606, '1355', '辛贝贝', '2', 13, NULL, 0);
INSERT INTO `athletes` VALUES (607, '1356', '刘玄元', '2', 13, NULL, 0);
INSERT INTO `athletes` VALUES (608, '1357', '雷欢', '2', 13, NULL, 0);
INSERT INTO `athletes` VALUES (609, '1358', '赵雨', '2', 13, NULL, 0);
INSERT INTO `athletes` VALUES (610, '1359', '赵娟', '2', 13, NULL, 0);
INSERT INTO `athletes` VALUES (611, '1360', '刘雅雯', '2', 13, NULL, 0);
INSERT INTO `athletes` VALUES (612, '1361', '王甜甜', '2', 13, NULL, 0);
INSERT INTO `athletes` VALUES (613, '1362', '曹改云', '2', 13, NULL, 0);
INSERT INTO `athletes` VALUES (614, '1363', '刘媛', '2', 13, NULL, 0);
INSERT INTO `athletes` VALUES (615, '1364', '寸欣越', '2', 13, NULL, 0);
INSERT INTO `athletes` VALUES (616, '1365', '张茜', '2', 13, NULL, 0);
INSERT INTO `athletes` VALUES (617, '1366', '马丽娅', '2', 13, NULL, 0);
INSERT INTO `athletes` VALUES (618, '1367', '李雪', '2', 13, NULL, 0);
INSERT INTO `athletes` VALUES (619, '1368', '张嘉怡', '2', 13, NULL, 0);
INSERT INTO `athletes` VALUES (620, '1369', '刘雨涵', '2', 13, NULL, 0);
INSERT INTO `athletes` VALUES (621, '1370', '张姚', '2', 13, NULL, 0);
INSERT INTO `athletes` VALUES (622, '1371', '沈美珍', '2', 13, NULL, 0);
INSERT INTO `athletes` VALUES (623, '1372', '张松怡', '2', 13, NULL, 0);
INSERT INTO `athletes` VALUES (624, '1373', '刘艺', '2', 13, NULL, 0);
INSERT INTO `athletes` VALUES (625, '1374', '罗志琳', '2', 13, NULL, 0);
INSERT INTO `athletes` VALUES (626, '1400', 'Sarwar', '1', 14, NULL, 0);
INSERT INTO `athletes` VALUES (627, '1401', 'Tanvir', '1', 14, NULL, 0);
INSERT INTO `athletes` VALUES (628, '1402', 'Macdonald', '1', 14, NULL, 0);
INSERT INTO `athletes` VALUES (629, '1403', 'AMI', '1', 14, NULL, 0);
INSERT INTO `athletes` VALUES (630, '1404', 'Clauvis', '1', 14, NULL, 0);
INSERT INTO `athletes` VALUES (631, '1405', 'SAM', '1', 14, NULL, 0);
INSERT INTO `athletes` VALUES (632, '1406', 'Issoufou', '1', 14, NULL, 0);
INSERT INTO `athletes` VALUES (633, '1407', 'Siddiqui', '1', 14, NULL, 0);
INSERT INTO `athletes` VALUES (634, '1408', 'Shoaib', '1', 14, NULL, 0);
INSERT INTO `athletes` VALUES (635, '1409', 'Umer', '1', 14, NULL, 0);
INSERT INTO `athletes` VALUES (636, '1410', 'Durri', '1', 14, NULL, 0);
INSERT INTO `athletes` VALUES (637, '1411', 'Rafi', '1', 14, NULL, 0);
INSERT INTO `athletes` VALUES (638, '1450', '萨莎', '2', 14, NULL, 0);

-- ----------------------------
-- Table structure for college
-- ----------------------------
DROP TABLE IF EXISTS `college`;
CREATE TABLE `college`  (
  `id` int(11) NOT NULL COMMENT '编号',
  `name` varchar(20) CHARACTER SET utf8 COLLATE utf8_general_ci DEFAULT NULL COMMENT '学院名称',
  PRIMARY KEY (`id`) USING BTREE
) ENGINE = InnoDB CHARACTER SET = utf8 COLLATE = utf8_general_ci ROW_FORMAT = Compact;

-- ----------------------------
-- Records of college
-- ----------------------------
INSERT INTO `college` VALUES (1, '轻工科学与工程学院');
INSERT INTO `college` VALUES (2, ' 材料科学与工程学院');
INSERT INTO `college` VALUES (3, '环境科学与工程学院');
INSERT INTO `college` VALUES (4, '食品与生物工程学院');
INSERT INTO `college` VALUES (5, '机电工程学院');
INSERT INTO `college` VALUES (6, '电气与控制工程学院');
INSERT INTO `college` VALUES (7, '电子信息与人工智能学院');
INSERT INTO `college` VALUES (8, '经济与管理学院');
INSERT INTO `college` VALUES (9, '化学与化工学院');
INSERT INTO `college` VALUES (10, '设计与艺术学院');
INSERT INTO `college` VALUES (11, '文理学院');
INSERT INTO `college` VALUES (12, '教育学院');
INSERT INTO `college` VALUES (13, '镐京学院');
INSERT INTO `college` VALUES (14, '国际教育学院');

-- ----------------------------
-- Table structure for college_total
-- ----------------------------
DROP TABLE IF EXISTS `college_total`;
CREATE TABLE `college_total`  (
  `id` int(11) NOT NULL AUTO_INCREMENT,
  `college_id` int(11) NOT NULL COMMENT '学院id',
  `total` int(11) DEFAULT NULL COMMENT '总分数',
  PRIMARY KEY (`id`) USING BTREE
) ENGINE = InnoDB AUTO_INCREMENT = 15 CHARACTER SET = utf8 COLLATE = utf8_general_ci ROW_FORMAT = Compact;

-- ----------------------------
-- Records of college_total
-- ----------------------------
INSERT INTO `college_total` VALUES (1, 1, 0);
INSERT INTO `college_total` VALUES (2, 2, 0);
INSERT INTO `college_total` VALUES (3, 3, 0);
INSERT INTO `college_total` VALUES (4, 4, 18);
INSERT INTO `college_total` VALUES (5, 5, 0);
INSERT INTO `college_total` VALUES (6, 6, 0);
INSERT INTO `college_total` VALUES (7, 7, 0);
INSERT INTO `college_total` VALUES (8, 8, 0);
INSERT INTO `college_total` VALUES (9, 9, 9);
INSERT INTO `college_total` VALUES (10, 10, 0);
INSERT INTO `college_total` VALUES (11, 11, 0);
INSERT INTO `college_total` VALUES (12, 12, 0);
INSERT INTO `college_total` VALUES (13, 13, 0);
INSERT INTO `college_total` VALUES (14, 14, 0);

-- ----------------------------
-- Table structure for connect
-- ----------------------------
DROP TABLE IF EXISTS `connect`;
CREATE TABLE `connect`  (
  `athletes_id` int(11) DEFAULT NULL COMMENT '运动员编号',
  `college_id` int(11) DEFAULT NULL COMMENT '学院编号',
  `match_project_id` int(11) DEFAULT NULL COMMENT '比赛编号',
  `rank` int(11) DEFAULT NULL COMMENT '排名',
  `score` int(11) DEFAULT 0 COMMENT '积分',
  `grade` varchar(20) CHARACTER SET utf8 COLLATE utf8_general_ci DEFAULT '' COMMENT '分数',
  INDEX `athletes_id`(`athletes_id`) USING BTREE,
  INDEX `college_id`(`college_id`) USING BTREE,
  INDEX `match_project_id`(`match_project_id`) USING BTREE,
  CONSTRAINT `connect_ibfk_2` FOREIGN KEY (`college_id`) REFERENCES `college` (`id`) ON DELETE RESTRICT ON UPDATE RESTRICT,
  CONSTRAINT `connect_ibfk_3` FOREIGN KEY (`match_project_id`) REFERENCES `match_project` (`id`) ON DELETE RESTRICT ON UPDATE RESTRICT
) ENGINE = InnoDB CHARACTER SET = utf8 COLLATE = utf8_general_ci ROW_FORMAT = Compact;

-- ----------------------------
-- Records of connect
-- ----------------------------
INSERT INTO `connect` VALUES (135, 4, 3, 1, 9, 'aa');
INSERT INTO `connect` VALUES (408, 9, 3, 1, 9, '3.40s');
INSERT INTO `connect` VALUES (614, 13, 3, NULL, NULL, NULL);
INSERT INTO `connect` VALUES (185, 5, 3, NULL, NULL, NULL);
INSERT INTO `connect` VALUES (39, 1, 3, NULL, NULL, NULL);
INSERT INTO `connect` VALUES (528, 11, 3, NULL, NULL, NULL);
INSERT INTO `connect` VALUES (351, 8, 3, NULL, NULL, NULL);
INSERT INTO `connect` VALUES (243, 6, 3, NULL, NULL, NULL);
INSERT INTO `connect` VALUES (612, 13, 3, NULL, NULL, NULL);
INSERT INTO `connect` VALUES (136, 4, 3, 1, 9, 'aa');
INSERT INTO `connect` VALUES (406, 9, 3, NULL, NULL, NULL);
INSERT INTO `connect` VALUES (79, 2, 3, NULL, NULL, NULL);
INSERT INTO `connect` VALUES (293, 7, 3, NULL, NULL, NULL);
INSERT INTO `connect` VALUES (461, 10, 3, NULL, NULL, NULL);
INSERT INTO `connect` VALUES (242, 6, 3, NULL, NULL, NULL);
INSERT INTO `connect` VALUES (350, 8, 3, NULL, NULL, NULL);
INSERT INTO `connect` VALUES (527, 11, 3, NULL, NULL, NULL);
INSERT INTO `connect` VALUES (76, 2, 3, NULL, NULL, NULL);
INSERT INTO `connect` VALUES (283, 7, 3, NULL, NULL, NULL);
INSERT INTO `connect` VALUES (477, 10, 3, NULL, NULL, NULL);
INSERT INTO `connect` VALUES (409, 9, 3, NULL, NULL, NULL);
INSERT INTO `connect` VALUES (615, 13, 3, NULL, NULL, NULL);
INSERT INTO `connect` VALUES (141, 4, 3, NULL, NULL, NULL);
INSERT INTO `connect` VALUES (567, 12, 3, NULL, NULL, NULL);
INSERT INTO `connect` VALUES (407, 9, 3, NULL, NULL, NULL);
INSERT INTO `connect` VALUES (613, 13, 3, NULL, NULL, NULL);
INSERT INTO `connect` VALUES (140, 4, 3, NULL, NULL, NULL);
INSERT INTO `connect` VALUES (478, 10, 3, NULL, NULL, NULL);
INSERT INTO `connect` VALUES (81, 2, 3, NULL, NULL, NULL);
INSERT INTO `connect` VALUES (294, 7, 3, NULL, NULL, NULL);
INSERT INTO `connect` VALUES (638, 14, 3, NULL, NULL, NULL);
INSERT INTO `connect` VALUES (565, 12, 10, NULL, NULL, NULL);
INSERT INTO `connect` VALUES (360, 8, 10, NULL, NULL, NULL);
INSERT INTO `connect` VALUES (104, 3, 10, NULL, NULL, NULL);
INSERT INTO `connect` VALUES (229, 6, 10, NULL, NULL, NULL);
INSERT INTO `connect` VALUES (46, 1, 10, NULL, NULL, NULL);
INSERT INTO `connect` VALUES (476, 10, 10, NULL, NULL, NULL);
INSERT INTO `connect` VALUES (602, 13, 10, NULL, NULL, NULL);
INSERT INTO `connect` VALUES (185, 5, 10, NULL, NULL, NULL);
INSERT INTO `connect` VALUES (96, 3, 10, NULL, NULL, NULL);
INSERT INTO `connect` VALUES (228, 6, 10, NULL, NULL, NULL);
INSERT INTO `connect` VALUES (358, 8, 10, NULL, NULL, NULL);
INSERT INTO `connect` VALUES (534, 11, 10, NULL, NULL, NULL);
INSERT INTO `connect` VALUES (617, 13, 10, NULL, NULL, NULL);
INSERT INTO `connect` VALUES (182, 5, 10, NULL, NULL, NULL);
INSERT INTO `connect` VALUES (468, 10, 10, NULL, NULL, NULL);
INSERT INTO `connect` VALUES (403, 9, 10, NULL, NULL, NULL);
INSERT INTO `connect` VALUES (295, 7, 10, NULL, NULL, NULL);
INSERT INTO `connect` VALUES (129, 4, 10, NULL, NULL, NULL);
INSERT INTO `connect` VALUES (45, 1, 10, NULL, NULL, NULL);
INSERT INTO `connect` VALUES (471, 10, 10, NULL, NULL, NULL);
INSERT INTO `connect` VALUES (533, 11, 10, NULL, NULL, NULL);
INSERT INTO `connect` VALUES (184, 5, 10, NULL, NULL, NULL);
INSERT INTO `connect` VALUES (244, 6, 10, NULL, NULL, NULL);
INSERT INTO `connect` VALUES (103, 3, 10, NULL, NULL, NULL);
INSERT INTO `connect` VALUES (535, 11, 10, NULL, NULL, NULL);
INSERT INTO `connect` VALUES (359, 8, 10, NULL, NULL, NULL);
INSERT INTO `connect` VALUES (183, 5, 10, NULL, NULL, NULL);
INSERT INTO `connect` VALUES (618, 13, 10, NULL, NULL, NULL);
INSERT INTO `connect` VALUES (296, 7, 10, NULL, NULL, NULL);
INSERT INTO `connect` VALUES (363, 8, 10, NULL, NULL, NULL);
INSERT INTO `connect` VALUES (619, 13, 10, NULL, NULL, NULL);
INSERT INTO `connect` VALUES (232, 6, 10, NULL, NULL, NULL);
INSERT INTO `connect` VALUES (212, 6, 4, NULL, NULL, NULL);
INSERT INTO `connect` VALUES (100, 3, 10, NULL, NULL, NULL);
INSERT INTO `connect` VALUES (629, 14, 4, NULL, NULL, NULL);
INSERT INTO `connect` VALUES (536, 11, 10, NULL, NULL, NULL);
INSERT INTO `connect` VALUES (127, 4, 10, NULL, NULL, NULL);
INSERT INTO `connect` VALUES (64, 2, 4, NULL, NULL, NULL);
INSERT INTO `connect` VALUES (404, 9, 10, NULL, NULL, NULL);
INSERT INTO `connect` VALUES (503, 11, 11, NULL, NULL, NULL);
INSERT INTO `connect` VALUES (631, 14, 11, NULL, NULL, NULL);
INSERT INTO `connect` VALUES (20, 1, 4, NULL, NULL, NULL);
INSERT INTO `connect` VALUES (383, 9, 11, NULL, NULL, NULL);
INSERT INTO `connect` VALUES (331, 8, 11, NULL, NULL, NULL);
INSERT INTO `connect` VALUES (276, 7, 11, NULL, NULL, NULL);
INSERT INTO `connect` VALUES (223, 6, 11, NULL, NULL, NULL);
INSERT INTO `connect` VALUES (66, 2, 11, NULL, NULL, NULL);
INSERT INTO `connect` VALUES (150, 5, 11, NULL, NULL, NULL);
INSERT INTO `connect` VALUES (220, 6, 11, NULL, NULL, NULL);
INSERT INTO `connect` VALUES (272, 7, 11, NULL, NULL, NULL);
INSERT INTO `connect` VALUES (423, 10, 4, NULL, NULL, NULL);
INSERT INTO `connect` VALUES (582, 13, 4, NULL, NULL, NULL);
INSERT INTO `connect` VALUES (558, 12, 4, NULL, NULL, NULL);
INSERT INTO `connect` VALUES (380, 9, 11, NULL, NULL, NULL);
INSERT INTO `connect` VALUES (328, 8, 11, NULL, NULL, NULL);
INSERT INTO `connect` VALUES (416, 10, 11, NULL, NULL, NULL);
INSERT INTO `connect` VALUES (594, 13, 11, NULL, NULL, NULL);
INSERT INTO `connect` VALUES (429, 10, 11, NULL, NULL, NULL);
INSERT INTO `connect` VALUES (376, 9, 4, NULL, NULL, NULL);
INSERT INTO `connect` VALUES (595, 13, 11, NULL, NULL, NULL);
INSERT INTO `connect` VALUES (330, 8, 11, NULL, NULL, NULL);
INSERT INTO `connect` VALUES (275, 7, 11, NULL, NULL, NULL);
INSERT INTO `connect` VALUES (382, 9, 11, NULL, NULL, NULL);
INSERT INTO `connect` VALUES (154, 5, 11, NULL, NULL, NULL);
INSERT INTO `connect` VALUES (17, 1, 4, NULL, NULL, NULL);
INSERT INTO `connect` VALUES (61, 2, 4, NULL, NULL, NULL);
INSERT INTO `connect` VALUES (222, 6, 11, NULL, NULL, NULL);
INSERT INTO `connect` VALUES (221, 6, 11, NULL, NULL, NULL);
INSERT INTO `connect` VALUES (151, 5, 11, NULL, NULL, NULL);
INSERT INTO `connect` VALUES (422, 10, 11, NULL, NULL, NULL);
INSERT INTO `connect` VALUES (152, 5, 4, NULL, NULL, NULL);
INSERT INTO `connect` VALUES (320, 8, 4, NULL, NULL, NULL);
INSERT INTO `connect` VALUES (589, 13, 11, NULL, NULL, NULL);
INSERT INTO `connect` VALUES (3, 1, 11, NULL, NULL, NULL);
INSERT INTO `connect` VALUES (274, 7, 11, NULL, NULL, NULL);
INSERT INTO `connect` VALUES (329, 8, 11, NULL, NULL, NULL);
INSERT INTO `connect` VALUES (381, 9, 11, NULL, NULL, NULL);
INSERT INTO `connect` VALUES (111, 4, 11, NULL, NULL, NULL);
INSERT INTO `connect` VALUES (586, 13, 4, NULL, NULL, NULL);
INSERT INTO `connect` VALUES (626, 14, 4, NULL, NULL, NULL);
INSERT INTO `connect` VALUES (93, 3, 11, NULL, NULL, NULL);
INSERT INTO `connect` VALUES (632, 14, 11, NULL, NULL, NULL);
INSERT INTO `connect` VALUES (504, 11, 11, NULL, NULL, NULL);
INSERT INTO `connect` VALUES (67, 2, 11, NULL, NULL, NULL);
INSERT INTO `connect` VALUES (9, 1, 11, NULL, NULL, NULL);
INSERT INTO `connect` VALUES (202, 6, 4, NULL, NULL, NULL);
INSERT INTO `connect` VALUES (4, 1, 11, NULL, NULL, NULL);
INSERT INTO `connect` VALUES (65, 2, 11, NULL, NULL, NULL);
INSERT INTO `connect` VALUES (502, 11, 11, NULL, NULL, NULL);
INSERT INTO `connect` VALUES (175, 5, 11, NULL, NULL, NULL);
INSERT INTO `connect` VALUES (627, 14, 11, NULL, NULL, NULL);
INSERT INTO `connect` VALUES (440, 10, 4, NULL, NULL, NULL);
INSERT INTO `connect` VALUES (162, 5, 4, NULL, NULL, NULL);
INSERT INTO `connect` VALUES (596, 13, 11, NULL, NULL, NULL);
INSERT INTO `connect` VALUES (430, 10, 11, NULL, NULL, NULL);
INSERT INTO `connect` VALUES (62, 2, 4, NULL, NULL, NULL);
INSERT INTO `connect` VALUES (19, 1, 4, NULL, NULL, NULL);
INSERT INTO `connect` VALUES (554, 12, 4, NULL, NULL, NULL);
INSERT INTO `connect` VALUES (489, 11, 4, NULL, NULL, NULL);
INSERT INTO `connect` VALUES (375, 9, 4, NULL, NULL, NULL);
INSERT INTO `connect` VALUES (273, 7, 4, NULL, NULL, NULL);
INSERT INTO `connect` VALUES (308, 8, 4, NULL, NULL, NULL);
INSERT INTO `connect` VALUES (321, 8, 4, NULL, NULL, NULL);
INSERT INTO `connect` VALUES (587, 13, 4, NULL, NULL, NULL);
INSERT INTO `connect` VALUES (18, 1, 4, NULL, NULL, NULL);
INSERT INTO `connect` VALUES (628, 14, 4, NULL, NULL, NULL);
INSERT INTO `connect` VALUES (158, 5, 4, NULL, NULL, NULL);
INSERT INTO `connect` VALUES (209, 6, 4, NULL, NULL, NULL);
INSERT INTO `connect` VALUES (60, 2, 4, NULL, NULL, NULL);
INSERT INTO `connect` VALUES (60, 2, 4, NULL, NULL, NULL);
INSERT INTO `connect` VALUES (256, 7, 4, NULL, NULL, NULL);
INSERT INTO `connect` VALUES (427, 10, 4, NULL, NULL, NULL);
INSERT INTO `connect` VALUES (199, 6, 4, NULL, NULL, NULL);
INSERT INTO `connect` VALUES (583, 13, 4, NULL, NULL, NULL);
INSERT INTO `connect` VALUES (492, 11, 4, NULL, NULL, NULL);
INSERT INTO `connect` VALUES (318, 8, 4, NULL, NULL, NULL);
INSERT INTO `connect` VALUES (167, 5, 4, NULL, NULL, NULL);
INSERT INTO `connect` VALUES (630, 14, 4, NULL, NULL, NULL);
INSERT INTO `connect` VALUES (155, 5, 23, NULL, NULL, NULL);
INSERT INTO `connect` VALUES (391, 9, 23, NULL, NULL, NULL);
INSERT INTO `connect` VALUES (94, 3, 23, NULL, NULL, NULL);
INSERT INTO `connect` VALUES (218, 6, 23, NULL, NULL, NULL);
INSERT INTO `connect` VALUES (60, 2, 23, NULL, NULL, NULL);
INSERT INTO `connect` VALUES (436, 10, 23, NULL, NULL, NULL);
INSERT INTO `connect` VALUES (586, 13, 23, NULL, NULL, NULL);
INSERT INTO `connect` VALUES (311, 8, 23, NULL, NULL, NULL);
INSERT INTO `connect` VALUES (216, 6, 23, NULL, NULL, NULL);
INSERT INTO `connect` VALUES (156, 5, 23, NULL, NULL, NULL);
INSERT INTO `connect` VALUES (268, 7, 23, NULL, NULL, NULL);
INSERT INTO `connect` VALUES (389, 9, 23, NULL, NULL, NULL);
INSERT INTO `connect` VALUES (592, 13, 23, NULL, NULL, NULL);
INSERT INTO `connect` VALUES (6, 1, 23, NULL, NULL, NULL);
INSERT INTO `connect` VALUES (308, 8, 23, NULL, NULL, NULL);
INSERT INTO `connect` VALUES (424, 10, 23, NULL, NULL, NULL);
INSERT INTO `connect` VALUES (499, 11, 23, NULL, NULL, NULL);
INSERT INTO `connect` VALUES (69, 2, 23, NULL, NULL, NULL);
INSERT INTO `connect` VALUES (426, 10, 23, NULL, NULL, NULL);
INSERT INTO `connect` VALUES (1, 1, 23, NULL, NULL, '');
INSERT INTO `connect` VALUES (324, 8, 23, NULL, NULL, NULL);
INSERT INTO `connect` VALUES (580, 13, 23, NULL, NULL, NULL);
INSERT INTO `connect` VALUES (267, 7, 23, NULL, NULL, NULL);
INSERT INTO `connect` VALUES (269, 7, 23, NULL, NULL, NULL);
INSERT INTO `connect` VALUES (217, 6, 23, NULL, NULL, NULL);
INSERT INTO `connect` VALUES (165, 5, 23, NULL, NULL, NULL);
INSERT INTO `connect` VALUES (593, 13, 23, NULL, NULL, NULL);
INSERT INTO `connect` VALUES (593, 13, 23, NULL, NULL, NULL);
INSERT INTO `connect` VALUES (390, 9, 23, NULL, NULL, NULL);
INSERT INTO `connect` VALUES (316, 8, 23, NULL, NULL, NULL);
INSERT INTO `connect` VALUES (8, 1, 23, NULL, NULL, NULL);
INSERT INTO `connect` VALUES (11, 1, 23, NULL, NULL, NULL);
INSERT INTO `connect` VALUES (254, 7, 23, NULL, NULL, NULL);
INSERT INTO `connect` VALUES (205, 6, 23, NULL, NULL, NULL);
INSERT INTO `connect` VALUES (170, 5, 23, NULL, NULL, NULL);
INSERT INTO `connect` VALUES (121, 4, 23, NULL, NULL, NULL);
INSERT INTO `connect` VALUES (392, 9, 23, NULL, NULL, NULL);
INSERT INTO `connect` VALUES (492, 11, 23, NULL, NULL, NULL);
INSERT INTO `connect` VALUES (563, 12, 24, NULL, NULL, NULL);
INSERT INTO `connect` VALUES (611, 13, 24, NULL, NULL, NULL);
INSERT INTO `connect` VALUES (289, 7, 24, NULL, NULL, NULL);
INSERT INTO `connect` VALUES (401, 9, 24, NULL, NULL, NULL);
INSERT INTO `connect` VALUES (361, 8, 24, NULL, NULL, NULL);
INSERT INTO `connect` VALUES (541, 11, 24, NULL, NULL, NULL);
INSERT INTO `connect` VALUES (469, 10, 24, NULL, NULL, NULL);
INSERT INTO `connect` VALUES (181, 5, 24, NULL, NULL, NULL);
INSERT INTO `connect` VALUES (245, 6, 24, NULL, NULL, NULL);
INSERT INTO `connect` VALUES (364, 8, 24, NULL, NULL, NULL);
INSERT INTO `connect` VALUES (298, 7, 24, NULL, NULL, NULL);
INSERT INTO `connect` VALUES (448, 10, 24, NULL, NULL, NULL);
INSERT INTO `connect` VALUES (620, 13, 24, NULL, NULL, NULL);
INSERT INTO `connect` VALUES (538, 11, 24, NULL, NULL, NULL);
INSERT INTO `connect` VALUES (603, 13, 24, NULL, NULL, NULL);
INSERT INTO `connect` VALUES (356, 8, 24, NULL, NULL, NULL);
INSERT INTO `connect` VALUES (228, 6, 24, NULL, NULL, NULL);
INSERT INTO `connect` VALUES (540, 11, 24, NULL, NULL, NULL);
INSERT INTO `connect` VALUES (295, 7, 24, NULL, NULL, NULL);
INSERT INTO `connect` VALUES (455, 10, 24, NULL, NULL, NULL);
INSERT INTO `connect` VALUES (191, 5, 24, NULL, NULL, NULL);
INSERT INTO `connect` VALUES (246, 6, 24, NULL, NULL, NULL);
INSERT INTO `connect` VALUES (189, 5, 24, NULL, NULL, NULL);
INSERT INTO `connect` VALUES (454, 10, 24, NULL, NULL, NULL);
INSERT INTO `connect` VALUES (365, 8, 24, NULL, NULL, NULL);
INSERT INTO `connect` VALUES (539, 11, 24, NULL, NULL, NULL);
INSERT INTO `connect` VALUES (299, 7, 24, NULL, NULL, NULL);
INSERT INTO `connect` VALUES (621, 13, 24, NULL, NULL, NULL);
INSERT INTO `connect` VALUES (44, 1, 24, NULL, NULL, NULL);
INSERT INTO `connect` VALUES (104, 3, 24, NULL, NULL, NULL);
INSERT INTO `connect` VALUES (190, 5, 24, NULL, NULL, NULL);
INSERT INTO `connect` VALUES (133, 4, 24, NULL, NULL, NULL);
INSERT INTO `connect` VALUES (85, 2, 24, NULL, NULL, NULL);
INSERT INTO `connect` VALUES (402, 9, 24, NULL, NULL, NULL);
INSERT INTO `connect` VALUES (565, 12, 24, NULL, NULL, NULL);
INSERT INTO `connect` VALUES (398, 9, 24, NULL, NULL, NULL);
INSERT INTO `connect` VALUES (571, 12, 24, NULL, NULL, NULL);
INSERT INTO `connect` VALUES (83, 2, 24, NULL, NULL, NULL);
INSERT INTO `connect` VALUES (105, 3, 24, NULL, NULL, NULL);
INSERT INTO `connect` VALUES (130, 4, 24, NULL, NULL, NULL);
INSERT INTO `connect` VALUES (230, 6, 24, NULL, NULL, NULL);
INSERT INTO `connect` VALUES (479, 10, 25, NULL, NULL, NULL);
INSERT INTO `connect` VALUES (609, 13, 25, NULL, NULL, NULL);
INSERT INTO `connect` VALUES (608, 13, 25, NULL, NULL, NULL);
INSERT INTO `connect` VALUES (477, 10, 25, NULL, NULL, NULL);
INSERT INTO `connect` VALUES (356, 8, 25, NULL, NULL, NULL);
INSERT INTO `connect` VALUES (601, 13, 25, NULL, NULL, NULL);
INSERT INTO `connect` VALUES (229, 6, 25, NULL, NULL, NULL);
INSERT INTO `connect` VALUES (289, 7, 25, NULL, NULL, NULL);
INSERT INTO `connect` VALUES (84, 2, 25, NULL, NULL, NULL);
INSERT INTO `connect` VALUES (616, 13, 25, NULL, NULL, NULL);
INSERT INTO `connect` VALUES (357, 8, 25, NULL, NULL, NULL);
INSERT INTO `connect` VALUES (400, 9, 25, NULL, NULL, NULL);
INSERT INTO `connect` VALUES (106, 3, 25, NULL, NULL, NULL);
INSERT INTO `connect` VALUES (465, 10, 25, NULL, NULL, NULL);
INSERT INTO `connect` VALUES (72, 2, 25, NULL, NULL, NULL);
INSERT INTO `connect` VALUES (337, 8, 25, NULL, NULL, NULL);
INSERT INTO `connect` VALUES (533, 11, 25, NULL, NULL, NULL);
INSERT INTO `connect` VALUES (401, 9, 25, NULL, NULL, NULL);
INSERT INTO `connect` VALUES (355, 8, 25, NULL, NULL, NULL);
INSERT INTO `connect` VALUES (470, 10, 25, NULL, NULL, NULL);
INSERT INTO `connect` VALUES (500, 11, 26, NULL, NULL, NULL);
INSERT INTO `connect` VALUES (595, 13, 26, NULL, NULL, NULL);
INSERT INTO `connect` VALUES (415, 10, 26, NULL, NULL, NULL);
INSERT INTO `connect` VALUES (222, 6, 26, NULL, NULL, NULL);
INSERT INTO `connect` VALUES (502, 1, 26, NULL, NULL, NULL);
INSERT INTO `connect` VALUES (125, 4, 26, NULL, NULL, NULL);
INSERT INTO `connect` VALUES (66, 2, 26, NULL, NULL, NULL);
INSERT INTO `connect` VALUES (224, 6, 26, NULL, NULL, NULL);
INSERT INTO `connect` VALUES (277, 7, 26, NULL, NULL, NULL);
INSERT INTO `connect` VALUES (505, 11, 26, NULL, NULL, NULL);
INSERT INTO `connect` VALUES (150, 5, 26, NULL, NULL, NULL);
INSERT INTO `connect` VALUES (322, 8, 26, NULL, NULL, NULL);
INSERT INTO `connect` VALUES (590, 8, 26, NULL, NULL, NULL);
INSERT INTO `connect` VALUES (25, 1, 26, NULL, NULL, NULL);
INSERT INTO `connect` VALUES (328, 8, 26, NULL, NULL, NULL);
INSERT INTO `connect` VALUES (221, 6, 26, NULL, NULL, NULL);
INSERT INTO `connect` VALUES (154, 5, 26, NULL, NULL, NULL);
INSERT INTO `connect` VALUES (274, 7, 26, NULL, NULL, NULL);
INSERT INTO `connect` VALUES (65, 2, 26, NULL, NULL, NULL);
INSERT INTO `connect` VALUES (379, 9, 26, NULL, NULL, NULL);
INSERT INTO `connect` VALUES (422, 10, 26, NULL, NULL, NULL);
INSERT INTO `connect` VALUES (151, 5, 26, NULL, NULL, NULL);
INSERT INTO `connect` VALUES (501, 11, 26, NULL, NULL, NULL);
INSERT INTO `connect` VALUES (220, 6, 26, NULL, NULL, NULL);
INSERT INTO `connect` VALUES (594, 13, 26, NULL, NULL, NULL);
INSERT INTO `connect` VALUES (272, 7, 26, NULL, NULL, NULL);
INSERT INTO `connect` VALUES (321, 8, 26, NULL, NULL, NULL);
INSERT INTO `connect` VALUES (378, 9, 26, NULL, NULL, NULL);
INSERT INTO `connect` VALUES (4, 1, 26, NULL, NULL, NULL);
INSERT INTO `connect` VALUES (428, 10, 26, NULL, NULL, NULL);
INSERT INTO `connect` VALUES (596, 13, 26, NULL, NULL, NULL);
INSERT INTO `connect` VALUES (276, 7, 26, NULL, NULL, NULL);
INSERT INTO `connect` VALUES (330, 8, 26, NULL, NULL, NULL);
INSERT INTO `connect` VALUES (3, 1, 26, NULL, NULL, NULL);
INSERT INTO `connect` VALUES (175, 5, 26, NULL, NULL, NULL);
INSERT INTO `connect` VALUES (622, 13, 36, NULL, NULL, NULL);
INSERT INTO `connect` VALUES (303, 7, 36, NULL, NULL, '');
INSERT INTO `connect` VALUES (107, 3, 36, NULL, NULL, '');
INSERT INTO `connect` VALUES (193, 5, 36, NULL, NULL, '');
INSERT INTO `connect` VALUES (366, 8, 36, NULL, NULL, '');
INSERT INTO `connect` VALUES (30, 1, 36, NULL, NULL, '');
INSERT INTO `connect` VALUES (453, 10, 36, NULL, NULL, '');
INSERT INTO `connect` VALUES (195, 5, 36, NULL, NULL, '');
INSERT INTO `connect` VALUES (518, 11, 36, NULL, NULL, '');
INSERT INTO `connect` VALUES (248, 6, 36, NULL, NULL, '');
INSERT INTO `connect` VALUES (465, 10, 36, NULL, NULL, '');
INSERT INTO `connect` VALUES (413, 9, 36, NULL, NULL, '');
INSERT INTO `connect` VALUES (86, 2, 36, NULL, NULL, '');
INSERT INTO `connect` VALUES (32, 1, 36, NULL, NULL, '');
INSERT INTO `connect` VALUES (368, 8, 36, NULL, NULL, '');
INSERT INTO `connect` VALUES (464, 10, 36, NULL, NULL, '');
INSERT INTO `connect` VALUES (544, 11, 36, NULL, NULL, '');
INSERT INTO `connect` VALUES (250, 6, 36, NULL, NULL, '');
INSERT INTO `connect` VALUES (196, 5, 36, NULL, NULL, '');
INSERT INTO `connect` VALUES (142, 4, 36, NULL, NULL, '');
INSERT INTO `connect` VALUES (247, 6, 36, NULL, NULL, '');
INSERT INTO `connect` VALUES (302, 7, 36, NULL, NULL, '');
INSERT INTO `connect` VALUES (452, 10, 36, NULL, NULL, '');
INSERT INTO `connect` VALUES (623, 13, 36, NULL, NULL, '');
INSERT INTO `connect` VALUES (412, 9, 36, NULL, NULL, '');
INSERT INTO `connect` VALUES (367, 8, 36, NULL, NULL, '');
INSERT INTO `connect` VALUES (249, 6, 36, NULL, NULL, '');
INSERT INTO `connect` VALUES (137, 4, 36, NULL, NULL, '');
INSERT INTO `connect` VALUES (87, 2, 36, NULL, NULL, '');
INSERT INTO `connect` VALUES (33, 1, 36, NULL, NULL, '');
INSERT INTO `connect` VALUES (194, 5, 36, NULL, NULL, '');
INSERT INTO `connect` VALUES (624, 13, 36, NULL, NULL, '');
INSERT INTO `connect` VALUES (284, 7, 36, NULL, NULL, '');
INSERT INTO `connect` VALUES (351, 8, 36, NULL, NULL, '');
INSERT INTO `connect` VALUES (516, 11, 36, NULL, NULL, '');
INSERT INTO `connect` VALUES (414, 9, 36, NULL, NULL, '');
INSERT INTO `connect` VALUES (301, 7, 36, NULL, NULL, '');
INSERT INTO `connect` VALUES (625, 13, 36, NULL, NULL, '');
INSERT INTO `connect` VALUES (70, 2, 37, NULL, NULL, '');
INSERT INTO `connect` VALUES (203, 6, 37, NULL, NULL, '');
INSERT INTO `connect` VALUES (26, 1, 37, NULL, NULL, '');
INSERT INTO `connect` VALUES (278, 7, 37, NULL, NULL, '');
INSERT INTO `connect` VALUES (393, 9, 37, NULL, NULL, '');
INSERT INTO `connect` VALUES (394, 9, 37, NULL, NULL, '');
INSERT INTO `connect` VALUES (179, 5, 37, NULL, NULL, '');
INSERT INTO `connect` VALUES (28, 1, 37, NULL, NULL, '');
INSERT INTO `connect` VALUES (178, 5, 37, NULL, NULL, '');
INSERT INTO `connect` VALUES (598, 13, 37, NULL, NULL, '');
INSERT INTO `connect` VALUES (316, 8, 37, NULL, NULL, '');
INSERT INTO `connect` VALUES (555, 12, 37, NULL, NULL, '');
INSERT INTO `connect` VALUES (419, 10, 37, NULL, NULL, '');
INSERT INTO `connect` VALUES (507, 11, 37, NULL, NULL, '');
INSERT INTO `connect` VALUES (418, 10, 37, NULL, NULL, '');
INSERT INTO `connect` VALUES (333, 8, 37, NULL, NULL, '');
INSERT INTO `connect` VALUES (25, 1, 37, NULL, NULL, '');
INSERT INTO `connect` VALUES (600, 13, 37, NULL, NULL, '');
INSERT INTO `connect` VALUES (180, 5, 37, NULL, NULL, '');
INSERT INTO `connect` VALUES (332, 8, 37, NULL, NULL, '');
INSERT INTO `connect` VALUES (225, 6, 37, NULL, NULL, '');
INSERT INTO `connect` VALUES (597, 13, 37, NULL, NULL, '');
INSERT INTO `connect` VALUES (177, 5, 37, NULL, NULL, '');
INSERT INTO `connect` VALUES (506, 11, 37, NULL, NULL, '');
INSERT INTO `connect` VALUES (599, 13, 37, NULL, NULL, '');
INSERT INTO `connect` VALUES (280, 7, 37, NULL, NULL, '');
INSERT INTO `connect` VALUES (227, 6, 37, NULL, NULL, '');
INSERT INTO `connect` VALUES (27, 1, 37, NULL, NULL, '');
INSERT INTO `connect` VALUES (279, 7, 37, NULL, NULL, '');
INSERT INTO `connect` VALUES (226, 6, 37, NULL, NULL, '');
INSERT INTO `connect` VALUES (508, 11, 37, NULL, NULL, '');
INSERT INTO `connect` VALUES (120, 4, 37, NULL, NULL, '');
INSERT INTO `connect` VALUES (95, 3, 37, NULL, NULL, '');
INSERT INTO `connect` VALUES (71, 2, 37, NULL, NULL, '');
INSERT INTO `connect` VALUES (395, 9, 37, NULL, NULL, '');
INSERT INTO `connect` VALUES (5, 1, 41, NULL, NULL, '');
INSERT INTO `connect` VALUES (273, 7, 41, NULL, NULL, '');
INSERT INTO `connect` VALUES (174, 5, 41, NULL, NULL, '');
INSERT INTO `connect` VALUES (205, 6, 41, NULL, NULL, '');
INSERT INTO `connect` VALUES (636, 14, 41, NULL, NULL, '');
INSERT INTO `connect` VALUES (69, 2, 41, NULL, NULL, '');
INSERT INTO `connect` VALUES (504, 11, 41, NULL, NULL, '');
INSERT INTO `connect` VALUES (593, 13, 41, NULL, NULL, '');
INSERT INTO `connect` VALUES (168, 5, 41, NULL, NULL, '');
INSERT INTO `connect` VALUES (6, 1, 41, NULL, NULL, '');
INSERT INTO `connect` VALUES (270, 7, 41, NULL, NULL, '');
INSERT INTO `connect` VALUES (589, 13, 41, NULL, NULL, '');
INSERT INTO `connect` VALUES (325, 8, 41, NULL, NULL, '');
INSERT INTO `connect` VALUES (500, 11, 41, NULL, NULL, '');
INSERT INTO `connect` VALUES (52, 2, 41, NULL, NULL, '');
INSERT INTO `connect` VALUES (219, 6, 41, NULL, NULL, '');
INSERT INTO `connect` VALUES (632, 14, 41, NULL, NULL, '');
INSERT INTO `connect` VALUES (501, 11, 41, NULL, NULL, '');
INSERT INTO `connect` VALUES (326, 8, 41, NULL, NULL, '');
INSERT INTO `connect` VALUES (267, 7, 41, NULL, NULL, '');
INSERT INTO `connect` VALUES (577, 13, 41, NULL, NULL, '');
INSERT INTO `connect` VALUES (155, 5, 41, NULL, NULL, '');
INSERT INTO `connect` VALUES (8, 1, 41, NULL, NULL, '');
INSERT INTO `connect` VALUES (271, 7, 41, NULL, NULL, '');
INSERT INTO `connect` VALUES (173, 5, 41, NULL, NULL, '');
INSERT INTO `connect` VALUES (7, 1, 41, NULL, NULL, '');
INSERT INTO `connect` VALUES (389, 9, 41, NULL, NULL, '');
INSERT INTO `connect` VALUES (435, 10, 41, NULL, NULL, '');
INSERT INTO `connect` VALUES (592, 13, 41, NULL, NULL, '');
INSERT INTO `connect` VALUES (327, 8, 41, NULL, NULL, '');
INSERT INTO `connect` VALUES (80, 2, 42, NULL, NULL, '');
INSERT INTO `connect` VALUES (621, 13, 42, NULL, NULL, '');
INSERT INTO `connect` VALUES (181, 5, 42, NULL, NULL, '');
INSERT INTO `connect` VALUES (456, 10, 42, NULL, NULL, '');
INSERT INTO `connect` VALUES (365, 8, 42, NULL, NULL, '');
INSERT INTO `connect` VALUES (563, 12, 42, NULL, NULL, '');
INSERT INTO `connect` VALUES (134, 4, 42, NULL, NULL, '');
INSERT INTO `connect` VALUES (463, 10, 42, NULL, NULL, '');
INSERT INTO `connect` VALUES (84, 2, 42, NULL, NULL, '');
INSERT INTO `connect` VALUES (364, 8, 42, NULL, NULL, '');
INSERT INTO `connect` VALUES (542, 11, 42, NULL, NULL, '');
INSERT INTO `connect` VALUES (611, 13, 42, NULL, NULL, '');
INSERT INTO `connect` VALUES (102, 3, 42, NULL, NULL, '');
INSERT INTO `connect` VALUES (300, 7, 42, NULL, NULL, '');
INSERT INTO `connect` VALUES (620, 13, 42, NULL, NULL, '');
INSERT INTO `connect` VALUES (540, 11, 42, NULL, NULL, '');
INSERT INTO `connect` VALUES (480, 10, 42, NULL, NULL, '');
INSERT INTO `connect` VALUES (246, 6, 42, NULL, NULL, '');
INSERT INTO `connect` VALUES (295, 7, 42, NULL, NULL, '');
INSERT INTO `connect` VALUES (191, 5, 42, NULL, NULL, '');
INSERT INTO `connect` VALUES (106, 3, 42, NULL, NULL, '');
INSERT INTO `connect` VALUES (543, 11, 42, NULL, NULL, '');
INSERT INTO `connect` VALUES (467, 10, 42, NULL, NULL, '');
INSERT INTO `connect` VALUES (81, 2, 42, NULL, NULL, '');
INSERT INTO `connect` VALUES (356, 8, 42, NULL, NULL, '');
INSERT INTO `connect` VALUES (104, 3, 42, NULL, NULL, '');
INSERT INTO `connect` VALUES (601, 13, 42, NULL, NULL, '');
INSERT INTO `connect` VALUES (245, 6, 42, NULL, NULL, '');
INSERT INTO `connect` VALUES (189, 5, 42, NULL, NULL, '');
INSERT INTO `connect` VALUES (301, 7, 42, NULL, NULL, '');
INSERT INTO `connect` VALUES (82, 2, 42, NULL, NULL, '');
INSERT INTO `connect` VALUES (541, 11, 42, NULL, NULL, '');
INSERT INTO `connect` VALUES (361, 8, 42, NULL, NULL, '');
INSERT INTO `connect` VALUES (201, 6, 43, NULL, NULL, '');
INSERT INTO `connect` VALUES (499, 11, 43, NULL, NULL, '');
INSERT INTO `connect` VALUES (435, 10, 43, NULL, NULL, '');
INSERT INTO `connect` VALUES (267, 7, 43, NULL, NULL, '');
INSERT INTO `connect` VALUES (119, 4, 43, NULL, NULL, '');
INSERT INTO `connect` VALUES (164, 5, 43, NULL, NULL, '');
INSERT INTO `connect` VALUES (371, 9, 43, NULL, NULL, '');
INSERT INTO `connect` VALUES (160, 5, 43, NULL, NULL, '');
INSERT INTO `connect` VALUES (432, 10, 43, NULL, NULL, '');
INSERT INTO `connect` VALUES (369, 9, 43, NULL, NULL, '');
INSERT INTO `connect` VALUES (589, 13, 43, NULL, NULL, '');
INSERT INTO `connect` VALUES (215, 6, 43, NULL, NULL, '');
INSERT INTO `connect` VALUES (117, 4, 43, NULL, NULL, '');
INSERT INTO `connect` VALUES (313, 8, 43, NULL, NULL, '');
INSERT INTO `connect` VALUES (590, 13, 43, NULL, NULL, '');
INSERT INTO `connect` VALUES (370, 9, 43, NULL, NULL, '');
INSERT INTO `connect` VALUES (165, 5, 43, NULL, NULL, '');
INSERT INTO `connect` VALUES (438, 10, 43, NULL, NULL, '');
INSERT INTO `connect` VALUES (51, 2, 43, NULL, NULL, '');
INSERT INTO `connect` VALUES (1, 1, 43, NULL, NULL, '');
INSERT INTO `connect` VALUES (637, 14, 43, NULL, NULL, '');
INSERT INTO `connect` VALUES (434, 10, 43, NULL, NULL, '');
INSERT INTO `connect` VALUES (163, 5, 43, NULL, NULL, '');
INSERT INTO `connect` VALUES (254, 7, 43, NULL, NULL, '');
INSERT INTO `connect` VALUES (490, 11, 43, NULL, NULL, '');
INSERT INTO `connect` VALUES (591, 13, 43, NULL, NULL, '');
INSERT INTO `connect` VALUES (324, 8, 43, NULL, NULL, '');
INSERT INTO `connect` VALUES (405, 9, 46, NULL, NULL, '');
INSERT INTO `connect` VALUES (615, 13, 46, NULL, NULL, '');
INSERT INTO `connect` VALUES (341, 8, 46, NULL, NULL, '');
INSERT INTO `connect` VALUES (532, 11, 46, NULL, NULL, '');
INSERT INTO `connect` VALUES (79, 2, 46, NULL, NULL, '');
INSERT INTO `connect` VALUES (460, 10, 46, NULL, NULL, '');
INSERT INTO `connect` VALUES (38, 1, 46, NULL, NULL, '');
INSERT INTO `connect` VALUES (352, 8, 46, NULL, NULL, '');
INSERT INTO `connect` VALUES (529, 11, 46, NULL, NULL, '');
INSERT INTO `connect` VALUES (612, 13, 46, NULL, NULL, '');
INSERT INTO `connect` VALUES (406, 9, 46, NULL, NULL, '');
INSERT INTO `connect` VALUES (186, 5, 46, NULL, NULL, '');
INSERT INTO `connect` VALUES (135, 4, 46, NULL, NULL, '');
INSERT INTO `connect` VALUES (239, 6, 46, NULL, NULL, '');
INSERT INTO `connect` VALUES (614, 13, 46, NULL, NULL, '');
INSERT INTO `connect` VALUES (354, 8, 46, NULL, NULL, '');
INSERT INTO `connect` VALUES (531, 11, 46, NULL, NULL, '');
INSERT INTO `connect` VALUES (283, 7, 46, NULL, NULL, '');
INSERT INTO `connect` VALUES (242, 6, 46, NULL, NULL, '');
INSERT INTO `connect` VALUES (185, 5, 46, NULL, NULL, '');
INSERT INTO `connect` VALUES (530, 11, 46, NULL, NULL, '');
INSERT INTO `connect` VALUES (407, 9, 46, NULL, NULL, '');
INSERT INTO `connect` VALUES (136, 4, 46, NULL, NULL, '');
INSERT INTO `connect` VALUES (353, 8, 46, NULL, NULL, '');
INSERT INTO `connect` VALUES (613, 13, 46, NULL, NULL, '');
INSERT INTO `connect` VALUES (294, 7, 46, NULL, NULL, '');
INSERT INTO `connect` VALUES (63, 2, 51, NULL, NULL, '');
INSERT INTO `connect` VALUES (554, 12, 51, NULL, NULL, '');
INSERT INTO `connect` VALUES (93, 3, 51, NULL, NULL, '');
INSERT INTO `connect` VALUES (202, 6, 51, NULL, NULL, '');
INSERT INTO `connect` VALUES (115, 4, 51, NULL, NULL, '');
INSERT INTO `connect` VALUES (587, 13, 51, NULL, NULL, '');
INSERT INTO `connect` VALUES (498, 11, 51, NULL, NULL, '');
INSERT INTO `connect` VALUES (18, 1, 51, NULL, NULL, '');
INSERT INTO `connect` VALUES (158, 5, 51, NULL, NULL, '');
INSERT INTO `connect` VALUES (322, 8, 51, NULL, NULL, '');
INSERT INTO `connect` VALUES (420, 10, 51, NULL, NULL, '');
INSERT INTO `connect` VALUES (495, 11, 51, NULL, NULL, '');
INSERT INTO `connect` VALUES (634, 14, 51, NULL, NULL, '');
INSERT INTO `connect` VALUES (61, 2, 51, NULL, NULL, '');
INSERT INTO `connect` VALUES (373, 9, 51, NULL, NULL, '');
INSERT INTO `connect` VALUES (112, 4, 51, NULL, NULL, '');
INSERT INTO `connect` VALUES (88, 3, 51, NULL, NULL, '');
INSERT INTO `connect` VALUES (586, 13, 51, NULL, NULL, '');
INSERT INTO `connect` VALUES (212, 6, 51, NULL, NULL, '');
INSERT INTO `connect` VALUES (266, 7, 51, NULL, NULL, '');
INSERT INTO `connect` VALUES (22, 1, 51, NULL, NULL, '');
INSERT INTO `connect` VALUES (116, 4, 51, NULL, NULL, '');
INSERT INTO `connect` VALUES (423, 10, 51, NULL, NULL, '');
INSERT INTO `connect` VALUES (377, 9, 51, NULL, NULL, '');
INSERT INTO `connect` VALUES (323, 8, 51, NULL, NULL, '');
INSERT INTO `connect` VALUES (159, 5, 51, NULL, NULL, '');
INSERT INTO `connect` VALUES (496, 11, 51, NULL, NULL, '');
INSERT INTO `connect` VALUES (421, 10, 51, NULL, NULL, '');
INSERT INTO `connect` VALUES (62, 2, 51, NULL, NULL, '');
INSERT INTO `connect` VALUES (635, 14, 51, NULL, NULL, '');
INSERT INTO `connect` VALUES (21, 1, 51, NULL, NULL, '');
INSERT INTO `connect` VALUES (214, 6, 51, NULL, NULL, '');
INSERT INTO `connect` VALUES (588, 13, 51, NULL, NULL, '');
INSERT INTO `connect` VALUES (265, 7, 51, NULL, NULL, '');
INSERT INTO `connect` VALUES (376, 9, 51, NULL, NULL, '');
INSERT INTO `connect` VALUES (628, 14, 51, NULL, NULL, '');
INSERT INTO `connect` VALUES (321, 8, 51, NULL, NULL, '');
INSERT INTO `connect` VALUES (152, 5, 51, NULL, NULL, '');
INSERT INTO `connect` VALUES (64, 2, 51, NULL, NULL, '');
INSERT INTO `connect` VALUES (439, 10, 51, NULL, NULL, '');
INSERT INTO `connect` VALUES (497, 11, 51, NULL, NULL, '');
INSERT INTO `connect` VALUES (161, 5, 51, NULL, NULL, '');
INSERT INTO `connect` VALUES (320, 8, 51, NULL, NULL, '');
INSERT INTO `connect` VALUES (374, 9, 51, NULL, NULL, '');
INSERT INTO `connect` VALUES (258, 7, 51, NULL, NULL, '');
INSERT INTO `connect` VALUES (626, 14, 51, NULL, NULL, '');
INSERT INTO `connect` VALUES (617, 13, 53, NULL, NULL, '');
INSERT INTO `connect` VALUES (361, 8, 53, NULL, NULL, '');
INSERT INTO `connect` VALUES (533, 11, 53, NULL, NULL, '');
INSERT INTO `connect` VALUES (563, 12, 53, NULL, NULL, '');
INSERT INTO `connect` VALUES (351, 8, 53, NULL, NULL, '');
INSERT INTO `connect` VALUES (618, 13, 53, NULL, NULL, '');
INSERT INTO `connect` VALUES (479, 10, 53, NULL, NULL, '');
INSERT INTO `connect` VALUES (403, 9, 53, NULL, NULL, '');
INSERT INTO `connect` VALUES (616, 13, 53, NULL, NULL, '');
INSERT INTO `connect` VALUES (362, 8, 53, NULL, NULL, '');
INSERT INTO `connect` VALUES (537, 11, 53, NULL, NULL, '');
INSERT INTO `connect` VALUES (228, 6, 53, NULL, NULL, '');
INSERT INTO `connect` VALUES (134, 4, 53, NULL, NULL, '');
INSERT INTO `connect` VALUES (535, 11, 53, NULL, NULL, '');
INSERT INTO `connect` VALUES (244, 6, 53, NULL, NULL, '');
INSERT INTO `connect` VALUES (619, 13, 53, NULL, NULL, '');
INSERT INTO `connect` VALUES (297, 7, 53, NULL, NULL, '');
INSERT INTO `connect` VALUES (404, 9, 53, NULL, NULL, '');
INSERT INTO `connect` VALUES (363, 8, 53, NULL, NULL, '');
INSERT INTO `connect` VALUES (NULL, NULL, NULL, NULL, 0, '');

-- ----------------------------
-- Table structure for match_project
-- ----------------------------
DROP TABLE IF EXISTS `match_project`;
CREATE TABLE `match_project`  (
  `id` int(11) NOT NULL AUTO_INCREMENT,
  `name` varchar(30) CHARACTER SET utf8 COLLATE utf8_general_ci NOT NULL COMMENT '比赛名称',
  `type` int(11) DEFAULT NULL COMMENT '比赛类型',
  `time` datetime(0) DEFAULT NULL COMMENT '时间',
  PRIMARY KEY (`id`) USING BTREE
) ENGINE = InnoDB AUTO_INCREMENT = 54 CHARACTER SET = utf8 COLLATE = utf8_general_ci ROW_FORMAT = Compact;

-- ----------------------------
-- Records of match_project
-- ----------------------------
INSERT INTO `match_project` VALUES (1, '女子100米 预赛', 0, '2019-04-24 09:10:00');
INSERT INTO `match_project` VALUES (2, '男子100米 预赛', 0, '2019-04-24 09:34:00');
INSERT INTO `match_project` VALUES (3, '女子1500米 决赛', 0, '2019-04-24 10:02:00');
INSERT INTO `match_project` VALUES (4, '男子1500米 决赛', 0, '2019-04-24 10:22:00');
INSERT INTO `match_project` VALUES (5, '女子100米 复赛', 0, '2019-04-24 10:42:00');
INSERT INTO `match_project` VALUES (6, '男子100米 复赛', 0, '2019-04-24 10:50:00');
INSERT INTO `match_project` VALUES (7, '女子4*400米 预赛', 1, '2019-04-24 10:58:00');
INSERT INTO `match_project` VALUES (8, '男子4*400米 预赛', 1, '2019-04-24 11:18:00');
INSERT INTO `match_project` VALUES (9, '男女子接力投篮 决赛', 1, '2019-04-24 09:30:00');
INSERT INTO `match_project` VALUES (10, '女子跳远 决赛', 0, '2019-04-24 09:10:00');
INSERT INTO `match_project` VALUES (11, '男子铅球 决赛', 0, '2019-04-24 09:10:00');
INSERT INTO `match_project` VALUES (12, '男子110米栏 预赛', 0, '2019-04-24 14:30:00');
INSERT INTO `match_project` VALUES (13, '女子100米 决赛', 0, '2019-04-24 15:17:00');
INSERT INTO `match_project` VALUES (14, '男子100米 决赛', 0, '2019-04-24 15:21:00');
INSERT INTO `match_project` VALUES (15, '女子400米 预赛', 0, '2019-04-24 15:25:00');
INSERT INTO `match_project` VALUES (16, '男子400米 预赛', 0, '2019-04-24 15:50:00');
INSERT INTO `match_project` VALUES (17, '女子400米 决赛', 0, '2019-04-24 16:40:00');
INSERT INTO `match_project` VALUES (18, '男子400米 决赛', 0, '2019-04-24 16:45:00');
INSERT INTO `match_project` VALUES (19, '女子4*100米 预赛', 1, '2019-04-24 17:30:00');
INSERT INTO `match_project` VALUES (20, '男子4*100米 预赛', 1, '2019-04-24 17:50:00');
INSERT INTO `match_project` VALUES (21, '男女子障碍接力 决赛', 1, '2019-04-24 14:30:00');
INSERT INTO `match_project` VALUES (22, '男子引体向上团体赛 决赛', 1, '2019-04-24 15:30:00');
INSERT INTO `match_project` VALUES (23, '男子跳远 决赛', 0, '2019-04-24 15:00:00');
INSERT INTO `match_project` VALUES (24, '女子铅球 决赛', 0, '2019-04-24 15:00:00');
INSERT INTO `match_project` VALUES (25, '女子跳高 决赛', 0, '2019-04-24 16:00:00');
INSERT INTO `match_project` VALUES (26, '男子标枪 决赛', 0, '2019-04-24 15:30:00');
INSERT INTO `match_project` VALUES (27, '男子110米栏 决赛', 0, '2019-04-25 08:30:00');
INSERT INTO `match_project` VALUES (28, '女子200米 预赛', 0, '2019-04-25 08:35:00');
INSERT INTO `match_project` VALUES (29, '男子200米 预赛', 0, '2019-04-25 08:59:00');
INSERT INTO `match_project` VALUES (30, '女子800米 预赛', 0, '2019-04-25 09:43:00');
INSERT INTO `match_project` VALUES (31, '男子800米 预赛', 0, '2019-04-25 10:20:00');
INSERT INTO `match_project` VALUES (32, '女子200米 复赛', 0, '2019-04-25 11:00:00');
INSERT INTO `match_project` VALUES (33, '男子200米 复赛', 0, '2019-04-25 11:08:00');
INSERT INTO `match_project` VALUES (34, '女子4*400米 决赛', 0, '2019-04-25 11:36:00');
INSERT INTO `match_project` VALUES (35, '男子4*400米 决赛', 0, '2019-04-25 11:46:00');
INSERT INTO `match_project` VALUES (36, '女子滚铁环 决赛', 1, '2019-04-25 08:30:00');
INSERT INTO `match_project` VALUES (37, '男子滚铁环 决赛', 1, '2019-04-25 09:10:00');
INSERT INTO `match_project` VALUES (38, '男女子七人龙卷风 决赛', 1, '2019-04-25 11:00:00');
INSERT INTO `match_project` VALUES (39, '男女子立定跳远团体赛 决赛', 1, '2019-04-25 10:00:00');
INSERT INTO `match_project` VALUES (40, '女子仰卧起坐团体赛 决赛', 1, '2019-04-25 09:00:00');
INSERT INTO `match_project` VALUES (41, '男子三级跳远 决赛', 0, '2019-04-25 08:30:00');
INSERT INTO `match_project` VALUES (42, '女子标枪 决赛', 0, '2019-04-25 09:00:00');
INSERT INTO `match_project` VALUES (43, '男子跳高 决赛', 0, '2019-04-25 09:00:00');
INSERT INTO `match_project` VALUES (44, '女子200米 决赛', 0, '2019-04-25 14:30:00');
INSERT INTO `match_project` VALUES (45, '男子200米 决赛', 0, '2019-04-25 14:35:00');
INSERT INTO `match_project` VALUES (46, '女子3000米 决赛', 0, '2019-04-25 14:40:00');
INSERT INTO `match_project` VALUES (47, '女子800米 决赛', 0, '2019-04-25 15:16:00');
INSERT INTO `match_project` VALUES (48, '男子800米 决赛', 0, '2019-04-25 15:24:00');
INSERT INTO `match_project` VALUES (49, '女子4*100米 决赛', 1, '2019-04-25 15:32:00');
INSERT INTO `match_project` VALUES (50, '男子4*100米 决赛', 1, '2019-04-25 15:42:00');
INSERT INTO `match_project` VALUES (51, '男子5000米 决赛', 0, '2019-04-25 15:52:00');
INSERT INTO `match_project` VALUES (52, '男女子十五人十六足 决赛', 1, '2019-04-25 15:00:00');
INSERT INTO `match_project` VALUES (53, '女子三级跳远 决赛', 0, '2019-04-25 14:30:00');

-- ----------------------------
-- Table structure for user
-- ----------------------------
DROP TABLE IF EXISTS `user`;
CREATE TABLE `user`  (
  `id` int(11) NOT NULL COMMENT '编号',
  `user_name` varchar(20) CHARACTER SET utf8 COLLATE utf8_general_ci DEFAULT NULL COMMENT '用户名',
  `password` varchar(20) CHARACTER SET utf8 COLLATE utf8_general_ci DEFAULT NULL COMMENT '密码',
  PRIMARY KEY (`id`) USING BTREE
) ENGINE = InnoDB CHARACTER SET = utf8 COLLATE = utf8_general_ci ROW_FORMAT = Compact;

-- ----------------------------
-- Records of user
-- ----------------------------
INSERT INTO `user` VALUES (1, 'jifenbang', '123456');

SET FOREIGN_KEY_CHECKS = 1;
