/*

SUST 2019 校运会数据

Navicat MySQL Data Transfer

Source Server         : web003
Source Server Version : 50643
Source Host           : 47.92.196.104:3306
Source Database       : ScoreBoard

Target Server Type    : MYSQL
Target Server Version : 50643
File Encoding         : 65001

Date: 2019-05-18 11:44:56
*/

SET FOREIGN_KEY_CHECKS=0;

-- ----------------------------
-- Table structure for athletes
-- ----------------------------
DROP TABLE IF EXISTS `athletes`;
CREATE TABLE `athletes` (
  `id` int(11) NOT NULL AUTO_INCREMENT,
  `stu_num` varchar(20) DEFAULT NULL COMMENT '体育部运动员标号',
  `name` varchar(20) NOT NULL COMMENT '运动员名称',
  `sex` varchar(1) DEFAULT NULL COMMENT '性别',
  `college_id` int(11) DEFAULT NULL COMMENT '学院编号',
  `class_name` varchar(20) DEFAULT NULL COMMENT '班级',
  `isteam` int(11) NOT NULL COMMENT '是否是团队',
  PRIMARY KEY (`id`),
  KEY `college_id` (`college_id`),
  CONSTRAINT `athletes_ibfk_1` FOREIGN KEY (`college_id`) REFERENCES `college` (`id`)
) ENGINE=InnoDB AUTO_INCREMENT=1132 DEFAULT CHARSET=utf8;

-- ----------------------------
-- Records of athletes
-- ----------------------------
INSERT INTO `athletes` VALUES ('0', null, '', null, null, null, '0');
INSERT INTO `athletes` VALUES ('1', '0100', '李潇', '1', '1', null, '0');
INSERT INTO `athletes` VALUES ('2', '0101', '王添阳', '1', '1', null, '0');
INSERT INTO `athletes` VALUES ('3', '0102', '李晨乐', '1', '1', null, '0');
INSERT INTO `athletes` VALUES ('4', '0103', '李志鹏', '1', '1', null, '0');
INSERT INTO `athletes` VALUES ('5', '0104', '王虎', '1', '1', null, '0');
INSERT INTO `athletes` VALUES ('6', '0105', '杨益博', '1', '1', null, '0');
INSERT INTO `athletes` VALUES ('7', '0106', '阮仕飞', '1', '1', null, '0');
INSERT INTO `athletes` VALUES ('8', '0107', '侯晨景', '1', '1', null, '0');
INSERT INTO `athletes` VALUES ('9', '0108', '张轩宁', '1', '1', null, '0');
INSERT INTO `athletes` VALUES ('10', '0109', '薛超强', '1', '1', null, '0');
INSERT INTO `athletes` VALUES ('11', '0110', '郭子瞻', '1', '1', null, '0');
INSERT INTO `athletes` VALUES ('12', '0111', '郝亮亮', '1', '1', null, '0');
INSERT INTO `athletes` VALUES ('13', '0112', '郝志雄', '1', '1', null, '0');
INSERT INTO `athletes` VALUES ('14', '0113', '代松伯', '1', '1', null, '0');
INSERT INTO `athletes` VALUES ('15', '0114', '袁宝龙', '1', '1', null, '0');
INSERT INTO `athletes` VALUES ('16', '0115', '高明伟', '1', '1', null, '0');
INSERT INTO `athletes` VALUES ('17', '0116', '王春辉', '1', '1', null, '0');
INSERT INTO `athletes` VALUES ('18', '0117', '薛双舟', '1', '1', null, '0');
INSERT INTO `athletes` VALUES ('19', '0118', '徐荣达', '1', '1', null, '0');
INSERT INTO `athletes` VALUES ('20', '0119', '黄云', '1', '1', null, '0');
INSERT INTO `athletes` VALUES ('21', '0120', '李朔同', '1', '1', null, '0');
INSERT INTO `athletes` VALUES ('22', '0121', '徐干', '1', '1', null, '0');
INSERT INTO `athletes` VALUES ('23', '0122', '陈博峰', '1', '1', null, '0');
INSERT INTO `athletes` VALUES ('24', '0123', '张鹏飞', '1', '1', null, '0');
INSERT INTO `athletes` VALUES ('25', '0124', '杨泽川', '1', '1', null, '0');
INSERT INTO `athletes` VALUES ('26', '0125', '虞兴欢', '1', '1', null, '0');
INSERT INTO `athletes` VALUES ('27', '0126', '李杰', '1', '1', null, '0');
INSERT INTO `athletes` VALUES ('28', '0127', '马旺旺', '1', '1', null, '0');
INSERT INTO `athletes` VALUES ('29', '0150', '薛庆源', '2', '1', null, '0');
INSERT INTO `athletes` VALUES ('30', '0151', '高沁涵', '2', '1', null, '0');
INSERT INTO `athletes` VALUES ('31', '0152', '唐欢', '2', '1', null, '0');
INSERT INTO `athletes` VALUES ('32', '0153', '杨文静', '2', '1', null, '0');
INSERT INTO `athletes` VALUES ('33', '0154', '谢旻希', '2', '1', null, '0');
INSERT INTO `athletes` VALUES ('34', '0155', '宋雅玲', '2', '1', null, '0');
INSERT INTO `athletes` VALUES ('35', '0156', '秦雨欣', '2', '1', null, '0');
INSERT INTO `athletes` VALUES ('36', '0157', '任宇航', '2', '1', null, '0');
INSERT INTO `athletes` VALUES ('37', '0158', '李丹', '2', '1', null, '0');
INSERT INTO `athletes` VALUES ('38', '0159', '欧阳杨', '2', '1', null, '0');
INSERT INTO `athletes` VALUES ('39', '0160', '陈妮', '2', '1', null, '0');
INSERT INTO `athletes` VALUES ('40', '0161', '权瑛瑛', '2', '1', null, '0');
INSERT INTO `athletes` VALUES ('41', '0162', '侯柯帆', '2', '1', null, '0');
INSERT INTO `athletes` VALUES ('42', '0163', '陈梦琪', '2', '1', null, '0');
INSERT INTO `athletes` VALUES ('43', '0164', '李欣怡', '2', '1', null, '0');
INSERT INTO `athletes` VALUES ('44', '0165', '谈雨儿', '2', '1', null, '0');
INSERT INTO `athletes` VALUES ('45', '0166', '许贝', '2', '1', null, '0');
INSERT INTO `athletes` VALUES ('46', '0167', '王宇', '2', '1', null, '0');
INSERT INTO `athletes` VALUES ('47', '0168', '李欢', '2', '1', null, '0');
INSERT INTO `athletes` VALUES ('48', '0169', '惠馨怡', '2', '1', null, '0');
INSERT INTO `athletes` VALUES ('49', '0170', '张妍', '2', '1', null, '0');
INSERT INTO `athletes` VALUES ('50', '0200', '黄书琦', '1', '2', null, '0');
INSERT INTO `athletes` VALUES ('51', '0201', '赵虎', '1', '2', null, '0');
INSERT INTO `athletes` VALUES ('52', '0202', '白嘉璇', '1', '2', null, '0');
INSERT INTO `athletes` VALUES ('53', '0203', '韩刘洋', '1', '2', null, '0');
INSERT INTO `athletes` VALUES ('54', '0204', '宁博文', '1', '2', null, '0');
INSERT INTO `athletes` VALUES ('55', '0205', '杨朝志', '1', '2', null, '0');
INSERT INTO `athletes` VALUES ('56', '0206', '陈子浩', '1', '2', null, '0');
INSERT INTO `athletes` VALUES ('57', '0207', '罗雨杭', '1', '2', null, '0');
INSERT INTO `athletes` VALUES ('58', '0208', '殷伟斌', '1', '2', null, '0');
INSERT INTO `athletes` VALUES ('59', '0209', '李亚超', '1', '2', null, '0');
INSERT INTO `athletes` VALUES ('60', '0210', '梁阔燚', '1', '2', null, '0');
INSERT INTO `athletes` VALUES ('61', '0211', '涂陈成', '1', '2', null, '0');
INSERT INTO `athletes` VALUES ('62', '0212', '唐源江', '1', '2', null, '0');
INSERT INTO `athletes` VALUES ('63', '0213', '孔凡亮', '1', '2', null, '0');
INSERT INTO `athletes` VALUES ('64', '0214', '王国峰', '1', '2', null, '0');
INSERT INTO `athletes` VALUES ('65', '0215', '肖博鸿', '1', '2', null, '0');
INSERT INTO `athletes` VALUES ('66', '0216', '张一凡', '1', '2', null, '0');
INSERT INTO `athletes` VALUES ('67', '0217', '李哲源', '1', '2', null, '0');
INSERT INTO `athletes` VALUES ('68', '0218', '谢斐', '1', '2', null, '0');
INSERT INTO `athletes` VALUES ('69', '0219', '刘昕瑀', '1', '2', null, '0');
INSERT INTO `athletes` VALUES ('70', '0220', '梁非', '1', '2', null, '0');
INSERT INTO `athletes` VALUES ('71', '0221', '周延', '1', '2', null, '0');
INSERT INTO `athletes` VALUES ('72', '0250', '赵婷', '2', '2', null, '0');
INSERT INTO `athletes` VALUES ('73', '0251', '李泰含', '2', '2', null, '0');
INSERT INTO `athletes` VALUES ('74', '0252', '刘慧', '2', '2', null, '0');
INSERT INTO `athletes` VALUES ('75', '0253', '马孟岚', '2', '2', null, '0');
INSERT INTO `athletes` VALUES ('76', '0254', '卢韵贤', '2', '2', null, '0');
INSERT INTO `athletes` VALUES ('77', '0255', '李莎', '2', '2', null, '0');
INSERT INTO `athletes` VALUES ('78', '0256', '张雯静', '2', '2', null, '0');
INSERT INTO `athletes` VALUES ('79', '0257', '何瑞芳', '2', '2', null, '0');
INSERT INTO `athletes` VALUES ('80', '0258', '陈倩', '2', '2', null, '0');
INSERT INTO `athletes` VALUES ('81', '0259', '柴玉梅', '2', '2', null, '0');
INSERT INTO `athletes` VALUES ('82', '0260', '张晓静', '2', '2', null, '0');
INSERT INTO `athletes` VALUES ('83', '0261', '滕雪婷', '2', '2', null, '0');
INSERT INTO `athletes` VALUES ('84', '0262', '白赟', '2', '2', null, '0');
INSERT INTO `athletes` VALUES ('85', '0263', '王静', '2', '2', null, '0');
INSERT INTO `athletes` VALUES ('86', '0264', '廖亚宁', '2', '2', null, '0');
INSERT INTO `athletes` VALUES ('87', '0265', '张瑞', '2', '2', null, '0');
INSERT INTO `athletes` VALUES ('88', '0300', '张小龙', '1', '3', null, '0');
INSERT INTO `athletes` VALUES ('89', '0301', '程乾', '1', '3', null, '0');
INSERT INTO `athletes` VALUES ('90', '0302', '沈鑫', '1', '3', null, '0');
INSERT INTO `athletes` VALUES ('91', '0303', '苏振华', '1', '3', null, '0');
INSERT INTO `athletes` VALUES ('92', '0304', '方志坤', '1', '3', null, '0');
INSERT INTO `athletes` VALUES ('93', '0305', '袁裕翔', '1', '3', null, '0');
INSERT INTO `athletes` VALUES ('94', '0306', '姜坤', '1', '3', null, '0');
INSERT INTO `athletes` VALUES ('95', '0307', '张浩', '1', '3', null, '0');
INSERT INTO `athletes` VALUES ('96', '0350', '乃吉买', '2', '3', null, '0');
INSERT INTO `athletes` VALUES ('97', '0351', '祖丽胡玛尔', '2', '3', null, '0');
INSERT INTO `athletes` VALUES ('98', '0352', '雷庆', '2', '3', null, '0');
INSERT INTO `athletes` VALUES ('99', '0353', '赵欣婷', '2', '3', null, '0');
INSERT INTO `athletes` VALUES ('100', '0354', '苏桐', '2', '3', null, '0');
INSERT INTO `athletes` VALUES ('101', '0355', '孙恬', '2', '3', null, '0');
INSERT INTO `athletes` VALUES ('102', '0356', '蔡建婷', '2', '3', null, '0');
INSERT INTO `athletes` VALUES ('103', '0357', '徐静茹', '2', '3', null, '0');
INSERT INTO `athletes` VALUES ('104', '0358', '马熙蕾', '2', '3', null, '0');
INSERT INTO `athletes` VALUES ('105', '0359', '马思睿', '2', '3', null, '0');
INSERT INTO `athletes` VALUES ('106', '0360', '李润', '2', '3', null, '0');
INSERT INTO `athletes` VALUES ('107', '0361', '朱佳佳', '2', '3', null, '0');
INSERT INTO `athletes` VALUES ('108', '0362', '李湘', '2', '3', null, '0');
INSERT INTO `athletes` VALUES ('109', '0363', '刘坤', '2', '3', null, '0');
INSERT INTO `athletes` VALUES ('110', '0364', '刘春蕾', '2', '3', null, '0');
INSERT INTO `athletes` VALUES ('111', '0400', '杨梦梦', '1', '4', null, '0');
INSERT INTO `athletes` VALUES ('112', '0401', '徐笠豪', '1', '4', null, '0');
INSERT INTO `athletes` VALUES ('113', '0402', '惠乙', '1', '4', null, '0');
INSERT INTO `athletes` VALUES ('114', '0403', '汪启宏', '1', '4', null, '0');
INSERT INTO `athletes` VALUES ('115', '0404', '罗锐', '1', '4', null, '0');
INSERT INTO `athletes` VALUES ('116', '0405', '刘嘉龙', '1', '4', null, '0');
INSERT INTO `athletes` VALUES ('117', '0406', '赵文强', '1', '4', null, '0');
INSERT INTO `athletes` VALUES ('118', '0407', '彭平安', '1', '4', null, '0');
INSERT INTO `athletes` VALUES ('119', '0408', '康凯瑞', '1', '4', null, '0');
INSERT INTO `athletes` VALUES ('120', '0409', '谢谦', '1', '4', null, '0');
INSERT INTO `athletes` VALUES ('121', '0410', '韩俊杰', '1', '4', null, '0');
INSERT INTO `athletes` VALUES ('122', '0411', '王文涵', '1', '4', null, '0');
INSERT INTO `athletes` VALUES ('123', '0412', '王安云', '1', '4', null, '0');
INSERT INTO `athletes` VALUES ('124', '0413', '张杰', '1', '4', null, '0');
INSERT INTO `athletes` VALUES ('125', '0414', '雷巨成', '1', '4', null, '0');
INSERT INTO `athletes` VALUES ('126', '0450', '郝佳慧', '2', '4', null, '0');
INSERT INTO `athletes` VALUES ('127', '0451', '黎婷', '2', '4', null, '0');
INSERT INTO `athletes` VALUES ('128', '0452', '贺巧凤', '2', '4', null, '0');
INSERT INTO `athletes` VALUES ('129', '0453', '雒翡', '2', '4', null, '0');
INSERT INTO `athletes` VALUES ('130', '0454', '李梦盈', '2', '4', null, '0');
INSERT INTO `athletes` VALUES ('131', '0455', '韩卓媛', '2', '4', null, '0');
INSERT INTO `athletes` VALUES ('132', '0456', '张妮丹', '2', '4', null, '0');
INSERT INTO `athletes` VALUES ('133', '0457', '依巴古丽 塔吉', '2', '4', null, '0');
INSERT INTO `athletes` VALUES ('134', '0458', '张方珂', '2', '4', null, '0');
INSERT INTO `athletes` VALUES ('135', '0459', '程培雯', '2', '4', null, '0');
INSERT INTO `athletes` VALUES ('136', '0460', '吴欣雨', '2', '4', null, '0');
INSERT INTO `athletes` VALUES ('137', '0461', '杨雨昕', '2', '4', null, '0');
INSERT INTO `athletes` VALUES ('138', '0462', '闫皮', '2', '4', null, '0');
INSERT INTO `athletes` VALUES ('139', '0463', '何文君', '2', '4', null, '0');
INSERT INTO `athletes` VALUES ('140', '0464', '万蕊莹', '2', '4', null, '0');
INSERT INTO `athletes` VALUES ('141', '0465', '张琳暄', '2', '4', null, '0');
INSERT INTO `athletes` VALUES ('142', '0466', '徐德珊', '2', '4', null, '0');
INSERT INTO `athletes` VALUES ('143', '0467', '余黎', '2', '4', null, '0');
INSERT INTO `athletes` VALUES ('144', '0468', '周恬甜', '2', '4', null, '0');
INSERT INTO `athletes` VALUES ('145', '0469', '王昭超', '2', '4', null, '0');
INSERT INTO `athletes` VALUES ('146', '0500', '闫嘉琪', '1', '5', null, '0');
INSERT INTO `athletes` VALUES ('147', '0501', '张亦弛', '1', '5', null, '0');
INSERT INTO `athletes` VALUES ('148', '0502', '张丁仁', '1', '5', null, '0');
INSERT INTO `athletes` VALUES ('149', '0503', '杨驰宇', '1', '5', null, '0');
INSERT INTO `athletes` VALUES ('150', '0504', '李理想', '1', '5', null, '0');
INSERT INTO `athletes` VALUES ('151', '0505', '余江', '1', '5', null, '0');
INSERT INTO `athletes` VALUES ('152', '0506', '刘承昊', '1', '5', null, '0');
INSERT INTO `athletes` VALUES ('153', '0507', '刘国龙', '1', '5', null, '0');
INSERT INTO `athletes` VALUES ('154', '0508', '王志强', '1', '5', null, '0');
INSERT INTO `athletes` VALUES ('155', '0509', '张正', '1', '5', null, '0');
INSERT INTO `athletes` VALUES ('156', '0510', '张奇', '1', '5', null, '0');
INSERT INTO `athletes` VALUES ('157', '0511', '陈屹东', '1', '5', null, '0');
INSERT INTO `athletes` VALUES ('158', '0512', '宗廷赫', '1', '5', null, '0');
INSERT INTO `athletes` VALUES ('159', '0513', '张强', '1', '5', null, '0');
INSERT INTO `athletes` VALUES ('160', '0514', '张一衍', '1', '5', null, '0');
INSERT INTO `athletes` VALUES ('161', '0515', '郑帅杰', '1', '5', null, '0');
INSERT INTO `athletes` VALUES ('162', '0516', '李鹏', '1', '5', null, '0');
INSERT INTO `athletes` VALUES ('163', '0517', '拓明轩', '1', '5', null, '0');
INSERT INTO `athletes` VALUES ('164', '0518', '朱智鹏', '1', '5', null, '0');
INSERT INTO `athletes` VALUES ('165', '0519', '刘治良', '1', '5', null, '0');
INSERT INTO `athletes` VALUES ('167', '0520', '王力宏', '1', '5', null, '0');
INSERT INTO `athletes` VALUES ('168', '0521', '李朝伟', '1', '5', null, '0');
INSERT INTO `athletes` VALUES ('169', '0522', '许泽文', '1', '5', null, '0');
INSERT INTO `athletes` VALUES ('170', '0523', '张小刚', '1', '5', null, '0');
INSERT INTO `athletes` VALUES ('171', '0524', '黄宇腾', '1', '5', null, '0');
INSERT INTO `athletes` VALUES ('172', '0525', '王航航', '1', '5', null, '0');
INSERT INTO `athletes` VALUES ('173', '0526', '付智勇', '1', '5', null, '0');
INSERT INTO `athletes` VALUES ('174', '0527', '赵佳龙', '1', '5', null, '0');
INSERT INTO `athletes` VALUES ('175', '0528', '况宇杰', '1', '5', null, '0');
INSERT INTO `athletes` VALUES ('176', '0529', '任俊俊', '1', '5', null, '0');
INSERT INTO `athletes` VALUES ('177', '0530', '段浩', '1', '5', null, '0');
INSERT INTO `athletes` VALUES ('178', '0531', '张旭', '1', '5', null, '0');
INSERT INTO `athletes` VALUES ('179', '0532', '张宝华', '1', '5', null, '0');
INSERT INTO `athletes` VALUES ('180', '0533', '徐振阳', '1', '5', null, '0');
INSERT INTO `athletes` VALUES ('181', '0550', '李若瑜', '2', '5', null, '0');
INSERT INTO `athletes` VALUES ('182', '0551', '王茜', '2', '5', null, '0');
INSERT INTO `athletes` VALUES ('183', '0552', '陈小英', '2', '5', null, '0');
INSERT INTO `athletes` VALUES ('184', '0553', '陈兴慧', '2', '5', null, '0');
INSERT INTO `athletes` VALUES ('185', '0554', '杨会兰', '2', '5', null, '0');
INSERT INTO `athletes` VALUES ('186', '0555', '罗迩遐', '2', '5', null, '0');
INSERT INTO `athletes` VALUES ('187', '0556', '夏欣琦', '2', '5', null, '0');
INSERT INTO `athletes` VALUES ('188', '0557', '刘鑫', '2', '5', null, '0');
INSERT INTO `athletes` VALUES ('189', '0558', '胡桥梅', '2', '5', null, '0');
INSERT INTO `athletes` VALUES ('190', '0559', '左露', '2', '5', null, '0');
INSERT INTO `athletes` VALUES ('191', '0560', '范景楠', '2', '5', null, '0');
INSERT INTO `athletes` VALUES ('192', '0561', '韦妍', '2', '5', null, '0');
INSERT INTO `athletes` VALUES ('193', '0562', '李思雨', '2', '5', null, '0');
INSERT INTO `athletes` VALUES ('194', '0563', '赵艾萌', '2', '5', null, '0');
INSERT INTO `athletes` VALUES ('195', '0564', '贺蒙', '2', '5', null, '0');
INSERT INTO `athletes` VALUES ('196', '0565', '武小艳', '2', '5', null, '0');
INSERT INTO `athletes` VALUES ('197', '0566', '赵琲琪', '2', '5', null, '0');
INSERT INTO `athletes` VALUES ('198', '0600', '孙奕', '1', '6', null, '0');
INSERT INTO `athletes` VALUES ('199', '0601', '张万虎', '1', '6', null, '0');
INSERT INTO `athletes` VALUES ('200', '0602', '张有优', '1', '6', null, '0');
INSERT INTO `athletes` VALUES ('201', '0603', '钱嘉', '1', '6', null, '0');
INSERT INTO `athletes` VALUES ('202', '0604', '符和明', '1', '6', null, '0');
INSERT INTO `athletes` VALUES ('203', '0605', '崔逸海', '1', '6', null, '0');
INSERT INTO `athletes` VALUES ('204', '0606', '沈天熠', '1', '6', null, '0');
INSERT INTO `athletes` VALUES ('205', '0607', '魏江涛', '1', '6', null, '0');
INSERT INTO `athletes` VALUES ('206', '0608', '孟成', '1', '6', null, '0');
INSERT INTO `athletes` VALUES ('207', '0609', '袁少明', '1', '6', null, '0');
INSERT INTO `athletes` VALUES ('208', '0610', '刘涛', '1', '6', null, '0');
INSERT INTO `athletes` VALUES ('209', '0611', '李兴源', '1', '6', null, '0');
INSERT INTO `athletes` VALUES ('210', '0612', '罗东', '1', '6', null, '0');
INSERT INTO `athletes` VALUES ('211', '0613', '王于源', '1', '6', null, '0');
INSERT INTO `athletes` VALUES ('212', '0614', '武乾坤', '1', '6', null, '0');
INSERT INTO `athletes` VALUES ('213', '0615', '崔开源', '1', '6', null, '0');
INSERT INTO `athletes` VALUES ('214', '0616', '任文武', '1', '6', null, '0');
INSERT INTO `athletes` VALUES ('215', '0617', '龚世玉', '1', '6', null, '0');
INSERT INTO `athletes` VALUES ('216', '0618', '魏逸凡', '1', '6', null, '0');
INSERT INTO `athletes` VALUES ('217', '0619', '李昊', '1', '6', null, '0');
INSERT INTO `athletes` VALUES ('218', '0620', '陈康冠旗', '1', '6', null, '0');
INSERT INTO `athletes` VALUES ('219', '0621', '张航', '1', '6', null, '0');
INSERT INTO `athletes` VALUES ('220', '0622', '范晋譞', '1', '6', null, '0');
INSERT INTO `athletes` VALUES ('221', '0623', '张云飞', '1', '6', null, '0');
INSERT INTO `athletes` VALUES ('222', '0624', '王溢', '1', '6', null, '0');
INSERT INTO `athletes` VALUES ('223', '0625', '梁腾飞', '1', '6', null, '0');
INSERT INTO `athletes` VALUES ('224', '0626', '丁俊鹏', '1', '6', null, '0');
INSERT INTO `athletes` VALUES ('225', '0627', '王永强', '1', '6', null, '0');
INSERT INTO `athletes` VALUES ('226', '0628', '加磊', '1', '6', null, '0');
INSERT INTO `athletes` VALUES ('227', '0629', '李佳诚', '1', '6', null, '0');
INSERT INTO `athletes` VALUES ('228', '0650', '牛春燕', '2', '6', null, '0');
INSERT INTO `athletes` VALUES ('229', '0651', '任嘉睿', '2', '6', null, '0');
INSERT INTO `athletes` VALUES ('230', '0652', '许诺', '2', '6', null, '0');
INSERT INTO `athletes` VALUES ('231', '0653', '翟欣然', '2', '6', null, '0');
INSERT INTO `athletes` VALUES ('232', '0654', '徐可心', '2', '6', null, '0');
INSERT INTO `athletes` VALUES ('233', '0655', '张维喆', '2', '6', null, '0');
INSERT INTO `athletes` VALUES ('234', '0656', '杨凡', '2', '6', null, '0');
INSERT INTO `athletes` VALUES ('235', '0657', '李月', '2', '6', null, '0');
INSERT INTO `athletes` VALUES ('236', '0658', '罗思韵', '2', '6', null, '0');
INSERT INTO `athletes` VALUES ('237', '0659', '隋心杰', '2', '6', null, '0');
INSERT INTO `athletes` VALUES ('238', '0660', '姚萨', '2', '6', null, '0');
INSERT INTO `athletes` VALUES ('239', '0661', '李艳平', '2', '6', null, '0');
INSERT INTO `athletes` VALUES ('240', '0662', '郭嘉婷', '2', '6', null, '0');
INSERT INTO `athletes` VALUES ('241', '0663', '钟灵毓秀', '2', '6', null, '0');
INSERT INTO `athletes` VALUES ('242', '0664', '骆明维', '2', '6', null, '0');
INSERT INTO `athletes` VALUES ('243', '0665', '舒静', '2', '6', null, '0');
INSERT INTO `athletes` VALUES ('244', '0666', '郝蓉蓉', '2', '6', null, '0');
INSERT INTO `athletes` VALUES ('245', '0667', '刘承琳', '2', '6', null, '0');
INSERT INTO `athletes` VALUES ('246', '0668', '张倩钰', '2', '6', null, '0');
INSERT INTO `athletes` VALUES ('247', '0669', '赵彦晶', '2', '6', null, '0');
INSERT INTO `athletes` VALUES ('248', '0670', '张盼', '2', '6', null, '0');
INSERT INTO `athletes` VALUES ('249', '0671', '高晗', '2', '6', null, '0');
INSERT INTO `athletes` VALUES ('250', '0672', '邓梦婷', '2', '6', null, '0');
INSERT INTO `athletes` VALUES ('251', '0673', '解瑾', '2', '6', null, '0');
INSERT INTO `athletes` VALUES ('252', '0674', '李晶', '2', '6', null, '0');
INSERT INTO `athletes` VALUES ('253', '0700', '靳栋', '1', '7', null, '0');
INSERT INTO `athletes` VALUES ('254', '0701', '柴正威', '1', '7', null, '0');
INSERT INTO `athletes` VALUES ('255', '0702', '王枨', '1', '7', null, '0');
INSERT INTO `athletes` VALUES ('256', '0703', '高飞', '1', '7', null, '0');
INSERT INTO `athletes` VALUES ('257', '0704', '陈尚坤', '1', '7', null, '0');
INSERT INTO `athletes` VALUES ('258', '0705', '王晨', '1', '7', null, '0');
INSERT INTO `athletes` VALUES ('259', '0706', '张光楠', '1', '7', null, '0');
INSERT INTO `athletes` VALUES ('260', '0707', '岳磊磊', '1', '7', null, '0');
INSERT INTO `athletes` VALUES ('261', '0708', '卢昭熙', '1', '7', null, '0');
INSERT INTO `athletes` VALUES ('262', '0709', '吴昊', '1', '7', null, '0');
INSERT INTO `athletes` VALUES ('263', '0710', '刘姣航', '1', '7', null, '0');
INSERT INTO `athletes` VALUES ('264', '0711', '余乐', '1', '7', null, '0');
INSERT INTO `athletes` VALUES ('265', '0712', '屈杰', '1', '7', null, '0');
INSERT INTO `athletes` VALUES ('266', '0713', '姚泽冰', '1', '7', null, '0');
INSERT INTO `athletes` VALUES ('267', '0714', '马鸿新', '1', '7', null, '0');
INSERT INTO `athletes` VALUES ('268', '0715', '吴昭颐', '1', '7', null, '0');
INSERT INTO `athletes` VALUES ('269', '0716', '党龙珊', '1', '7', null, '0');
INSERT INTO `athletes` VALUES ('270', '0717', '刘延', '1', '7', null, '0');
INSERT INTO `athletes` VALUES ('271', '0718', '杨嘉彬', '1', '7', null, '0');
INSERT INTO `athletes` VALUES ('272', '0719', '杨康', '1', '7', null, '0');
INSERT INTO `athletes` VALUES ('273', '0720', '裴妙德', '1', '7', null, '0');
INSERT INTO `athletes` VALUES ('274', '0721', '张瑞琦', '1', '7', null, '0');
INSERT INTO `athletes` VALUES ('275', '0722', '晏广璟', '1', '7', null, '0');
INSERT INTO `athletes` VALUES ('276', '0723', '郑天旭', '1', '7', null, '0');
INSERT INTO `athletes` VALUES ('277', '0724', '李嘉华', '1', '7', null, '0');
INSERT INTO `athletes` VALUES ('278', '0725', '李云杰', '1', '7', null, '0');
INSERT INTO `athletes` VALUES ('279', '0726', '刘锦辉', '1', '7', null, '0');
INSERT INTO `athletes` VALUES ('280', '0727', '刘旗', '1', '7', null, '0');
INSERT INTO `athletes` VALUES ('281', '0750', '朱亚楠', '2', '7', null, '0');
INSERT INTO `athletes` VALUES ('282', '0751', '刘乐', '2', '7', null, '0');
INSERT INTO `athletes` VALUES ('283', '0752', '陈咪', '2', '7', null, '0');
INSERT INTO `athletes` VALUES ('284', '0753', '史月婷', '2', '7', null, '0');
INSERT INTO `athletes` VALUES ('285', '0754', '陈一欣', '2', '7', null, '0');
INSERT INTO `athletes` VALUES ('286', '0755', '杨玉婷', '2', '7', null, '0');
INSERT INTO `athletes` VALUES ('287', '0756', '贾雅欣', '2', '7', null, '0');
INSERT INTO `athletes` VALUES ('288', '0757', '蔡雯雯', '2', '7', null, '0');
INSERT INTO `athletes` VALUES ('289', '0758', '黄珂韵', '2', '7', null, '0');
INSERT INTO `athletes` VALUES ('290', '0759', '党婉婷', '2', '7', null, '0');
INSERT INTO `athletes` VALUES ('291', '0760', '惠秋丽', '2', '7', null, '0');
INSERT INTO `athletes` VALUES ('292', '0761', '张秋怡', '2', '7', null, '0');
INSERT INTO `athletes` VALUES ('293', '0762', '刘佳媛', '2', '7', null, '0');
INSERT INTO `athletes` VALUES ('294', '0763', '张心雨', '2', '7', null, '0');
INSERT INTO `athletes` VALUES ('295', '0764', '宋美艳', '2', '7', null, '0');
INSERT INTO `athletes` VALUES ('296', '0765', '颜如玉', '2', '7', null, '0');
INSERT INTO `athletes` VALUES ('297', '0766', '李陈依婷', '2', '7', null, '0');
INSERT INTO `athletes` VALUES ('298', '0767', '张梦颖', '2', '7', null, '0');
INSERT INTO `athletes` VALUES ('299', '0768', '王建聪', '2', '7', null, '0');
INSERT INTO `athletes` VALUES ('300', '0769', '李雯静', '2', '7', null, '0');
INSERT INTO `athletes` VALUES ('301', '0770', '杜秋雨', '2', '7', null, '0');
INSERT INTO `athletes` VALUES ('302', '0771', '周陪', '2', '7', null, '0');
INSERT INTO `athletes` VALUES ('303', '0772', '陈雯倩', '2', '7', null, '0');
INSERT INTO `athletes` VALUES ('304', '0773', '罗佳利', '2', '7', null, '0');
INSERT INTO `athletes` VALUES ('305', '0774', '蔡培', '2', '7', null, '0');
INSERT INTO `athletes` VALUES ('306', '0775', '王佳琦', '2', '7', null, '0');
INSERT INTO `athletes` VALUES ('307', '0800', '石天豪', '1', '8', null, '0');
INSERT INTO `athletes` VALUES ('308', '0801', '雷金', '1', '8', null, '0');
INSERT INTO `athletes` VALUES ('309', '0802', '高世翱', '1', '8', null, '0');
INSERT INTO `athletes` VALUES ('310', '0803', '艾泽买提江', '1', '8', null, '0');
INSERT INTO `athletes` VALUES ('311', '0804', '王嘉毅', '1', '8', null, '0');
INSERT INTO `athletes` VALUES ('312', '0805', '武熠腾达', '1', '8', null, '0');
INSERT INTO `athletes` VALUES ('313', '0806', '阿曼', '1', '8', null, '0');
INSERT INTO `athletes` VALUES ('314', '0807', '买而当', '1', '8', null, '0');
INSERT INTO `athletes` VALUES ('315', '0808', '王小龙', '1', '8', null, '0');
INSERT INTO `athletes` VALUES ('316', '0809', '侯晨阳', '1', '8', null, '0');
INSERT INTO `athletes` VALUES ('317', '0810', '蒋续赠', '1', '8', null, '0');
INSERT INTO `athletes` VALUES ('318', '0811', '赵景安', '1', '8', null, '0');
INSERT INTO `athletes` VALUES ('319', '0812', '南凯强', '1', '8', null, '0');
INSERT INTO `athletes` VALUES ('320', '0813', '尼木格尔', '1', '8', null, '0');
INSERT INTO `athletes` VALUES ('321', '0814', '米尔扎提', '1', '8', null, '0');
INSERT INTO `athletes` VALUES ('322', '0815', '叶刚', '1', '8', null, '0');
INSERT INTO `athletes` VALUES ('323', '0816', '赵振铎', '1', '8', null, '0');
INSERT INTO `athletes` VALUES ('324', '0817', '李韦瀚', '1', '8', null, '0');
INSERT INTO `athletes` VALUES ('325', '0818', '张怡阳', '1', '8', null, '0');
INSERT INTO `athletes` VALUES ('326', '0819', '韩腾飞', '1', '8', null, '0');
INSERT INTO `athletes` VALUES ('327', '0820', '张淼鑫', '1', '8', null, '0');
INSERT INTO `athletes` VALUES ('328', '0821', '艾力纳扎尔', '1', '8', null, '0');
INSERT INTO `athletes` VALUES ('329', '0822', '段赛帆', '1', '8', null, '0');
INSERT INTO `athletes` VALUES ('330', '0823', '高兴义', '1', '8', null, '0');
INSERT INTO `athletes` VALUES ('331', '0824', '秦晗潇', '1', '8', null, '0');
INSERT INTO `athletes` VALUES ('332', '0825', '明瑞双', '1', '8', null, '0');
INSERT INTO `athletes` VALUES ('333', '0826', '魏瑶瑶', '1', '8', null, '0');
INSERT INTO `athletes` VALUES ('334', '0827', '买买提', '1', '8', null, '0');
INSERT INTO `athletes` VALUES ('335', '0828', '马俊', '1', '8', null, '0');
INSERT INTO `athletes` VALUES ('336', '0829', '周升亮', '1', '8', null, '0');
INSERT INTO `athletes` VALUES ('337', '0850', '马欣欣', '2', '8', null, '0');
INSERT INTO `athletes` VALUES ('338', '0851', '王洋', '2', '8', null, '0');
INSERT INTO `athletes` VALUES ('339', '0852', '陈娜', '2', '8', null, '0');
INSERT INTO `athletes` VALUES ('340', '0853', '杜佳静', '2', '8', null, '0');
INSERT INTO `athletes` VALUES ('341', '0854', '梁玥', '2', '8', null, '0');
INSERT INTO `athletes` VALUES ('342', '0855', '王婷', '2', '8', null, '0');
INSERT INTO `athletes` VALUES ('343', '0856', '金珊珊', '2', '8', null, '0');
INSERT INTO `athletes` VALUES ('344', '0857', '薛寒晓', '2', '8', null, '0');
INSERT INTO `athletes` VALUES ('345', '0858', '高宇嘉', '2', '8', null, '0');
INSERT INTO `athletes` VALUES ('346', '0859', '关琳', '2', '8', null, '0');
INSERT INTO `athletes` VALUES ('347', '0860', '张严洁', '2', '8', null, '0');
INSERT INTO `athletes` VALUES ('348', '0861', '程沛', '2', '8', null, '0');
INSERT INTO `athletes` VALUES ('349', '0862', '慕海燕', '2', '8', null, '0');
INSERT INTO `athletes` VALUES ('350', '0863', '韩晴', '2', '8', null, '0');
INSERT INTO `athletes` VALUES ('351', '0864', '张草', '2', '8', null, '0');
INSERT INTO `athletes` VALUES ('352', '0865', '艾比拜·阿卜拉', '2', '8', null, '0');
INSERT INTO `athletes` VALUES ('353', '0866', '陈珊', '2', '8', null, '0');
INSERT INTO `athletes` VALUES ('354', '0867', '王源', '2', '8', null, '0');
INSERT INTO `athletes` VALUES ('355', '0868', '毛爽', '2', '8', null, '0');
INSERT INTO `athletes` VALUES ('356', '0869', '李雅迪', '2', '8', null, '0');
INSERT INTO `athletes` VALUES ('357', '0870', '丁祥婕', '2', '8', null, '0');
INSERT INTO `athletes` VALUES ('358', '0871', '周灵云', '2', '8', null, '0');
INSERT INTO `athletes` VALUES ('359', '0872', '石梦蝶', '2', '8', null, '0');
INSERT INTO `athletes` VALUES ('360', '0873', '李荣', '2', '8', null, '0');
INSERT INTO `athletes` VALUES ('361', '0874', '古丽乃再尔', '2', '8', null, '0');
INSERT INTO `athletes` VALUES ('362', '0875', '张越越', '2', '8', null, '0');
INSERT INTO `athletes` VALUES ('363', '0876', '杨欣欣', '2', '8', null, '0');
INSERT INTO `athletes` VALUES ('364', '0877', '西仁阿依·如孜', '2', '8', null, '0');
INSERT INTO `athletes` VALUES ('365', '0878', '张晶晶', '2', '8', null, '0');
INSERT INTO `athletes` VALUES ('366', '0879', '陈薪宇', '2', '8', null, '0');
INSERT INTO `athletes` VALUES ('367', '0880', '王思雨', '2', '8', null, '0');
INSERT INTO `athletes` VALUES ('368', '0881', '张小睿', '2', '8', null, '0');
INSERT INTO `athletes` VALUES ('369', '0900', '何焱', '1', '9', null, '0');
INSERT INTO `athletes` VALUES ('370', '0901', '涂开槐', '1', '9', null, '0');
INSERT INTO `athletes` VALUES ('371', '0902', '田凯丰', '1', '9', null, '0');
INSERT INTO `athletes` VALUES ('372', '0903', '刘亦凡', '1', '9', null, '0');
INSERT INTO `athletes` VALUES ('373', '0904', '郑亚洲', '1', '9', null, '0');
INSERT INTO `athletes` VALUES ('374', '0905', '卫国华', '1', '9', null, '0');
INSERT INTO `athletes` VALUES ('375', '0906', '李强', '1', '9', null, '0');
INSERT INTO `athletes` VALUES ('376', '0907', '田鹏程', '1', '9', null, '0');
INSERT INTO `athletes` VALUES ('377', '0908', '刘真', '1', '9', null, '0');
INSERT INTO `athletes` VALUES ('378', '0909', '王有乾', '1', '9', null, '0');
INSERT INTO `athletes` VALUES ('379', '0910', '石旭', '1', '9', null, '0');
INSERT INTO `athletes` VALUES ('380', '0911', '赵哲霖', '1', '9', null, '0');
INSERT INTO `athletes` VALUES ('381', '0912', '赵渊', '1', '9', null, '0');
INSERT INTO `athletes` VALUES ('382', '0913', '姜磊', '1', '9', null, '0');
INSERT INTO `athletes` VALUES ('383', '0914', '朱江晨', '1', '9', null, '0');
INSERT INTO `athletes` VALUES ('384', '0915', '王泽昊', '1', '9', null, '0');
INSERT INTO `athletes` VALUES ('385', '0916', '郭一凡', '1', '9', null, '0');
INSERT INTO `athletes` VALUES ('386', '0917', '彭宇飞', '1', '9', null, '0');
INSERT INTO `athletes` VALUES ('387', '0918', '郑谋江', '1', '9', null, '0');
INSERT INTO `athletes` VALUES ('388', '0919', '毛喆伟', '1', '9', null, '0');
INSERT INTO `athletes` VALUES ('389', '0920', '康开勇', '1', '9', null, '0');
INSERT INTO `athletes` VALUES ('390', '0921', '董佳鑫', '1', '9', null, '0');
INSERT INTO `athletes` VALUES ('391', '0922', '刘一麟', '1', '9', null, '0');
INSERT INTO `athletes` VALUES ('392', '0923', '吴良', '1', '9', null, '0');
INSERT INTO `athletes` VALUES ('393', '0924', '毛浓钰', '1', '9', null, '0');
INSERT INTO `athletes` VALUES ('394', '0925', '刘建宁', '1', '9', null, '0');
INSERT INTO `athletes` VALUES ('395', '0926', '李小斌', '1', '9', null, '0');
INSERT INTO `athletes` VALUES ('396', '0950', '张宇婷', '2', '9', null, '0');
INSERT INTO `athletes` VALUES ('397', '0951', '卢心', '2', '9', null, '0');
INSERT INTO `athletes` VALUES ('398', '0952', '李西华', '2', '9', null, '0');
INSERT INTO `athletes` VALUES ('399', '0953', '程辉芸', '2', '9', null, '0');
INSERT INTO `athletes` VALUES ('400', '0954', '李睿', '2', '9', null, '0');
INSERT INTO `athletes` VALUES ('401', '0955', '李一杰', '2', '9', null, '0');
INSERT INTO `athletes` VALUES ('402', '0956', '苏霞', '2', '9', null, '0');
INSERT INTO `athletes` VALUES ('403', '0957', '张宇婷', '2', '9', null, '0');
INSERT INTO `athletes` VALUES ('404', '0958', '蒋雯祎', '2', '9', null, '0');
INSERT INTO `athletes` VALUES ('405', '0959', '陈楠', '2', '9', null, '0');
INSERT INTO `athletes` VALUES ('406', '0960', '付菀婷', '2', '9', null, '0');
INSERT INTO `athletes` VALUES ('407', '0961', '丁静研', '2', '9', null, '0');
INSERT INTO `athletes` VALUES ('408', '0962', '吴福玲', '2', '9', null, '0');
INSERT INTO `athletes` VALUES ('409', '0963', '冯雪婷', '2', '9', null, '0');
INSERT INTO `athletes` VALUES ('410', '0964', '刘茜', '2', '9', null, '0');
INSERT INTO `athletes` VALUES ('411', '0965', '贾研', '2', '9', null, '0');
INSERT INTO `athletes` VALUES ('412', '0966', '郝彩凤', '2', '9', null, '0');
INSERT INTO `athletes` VALUES ('413', '0967', '刘旭薇', '2', '9', null, '0');
INSERT INTO `athletes` VALUES ('414', '0968', '李敬怡', '2', '9', null, '0');
INSERT INTO `athletes` VALUES ('415', '1000', '郭敏', '1', '10', null, '0');
INSERT INTO `athletes` VALUES ('416', '1001', '赵大庆', '1', '10', null, '0');
INSERT INTO `athletes` VALUES ('417', '1002', '雷乾祥', '1', '10', null, '0');
INSERT INTO `athletes` VALUES ('418', '1003', '毛鹏飞', '1', '10', null, '0');
INSERT INTO `athletes` VALUES ('419', '1004', '李子涵', '1', '10', null, '0');
INSERT INTO `athletes` VALUES ('420', '1005', '张雨哲', '1', '10', null, '0');
INSERT INTO `athletes` VALUES ('421', '1006', '景军凯', '1', '10', null, '0');
INSERT INTO `athletes` VALUES ('422', '1007', '王涵', '1', '10', null, '0');
INSERT INTO `athletes` VALUES ('423', '1008', '张轲明', '1', '10', null, '0');
INSERT INTO `athletes` VALUES ('424', '1009', '张博洋', '1', '10', null, '0');
INSERT INTO `athletes` VALUES ('425', '1010', '黄麒龙', '1', '10', null, '0');
INSERT INTO `athletes` VALUES ('426', '1011', '张瑞麟', '1', '10', null, '0');
INSERT INTO `athletes` VALUES ('427', '1012', '殷玉龙', '1', '10', null, '0');
INSERT INTO `athletes` VALUES ('428', '1013', '姜子穆', '1', '10', null, '0');
INSERT INTO `athletes` VALUES ('429', '1014', '吴浩鑫', '1', '10', null, '0');
INSERT INTO `athletes` VALUES ('430', '1015', '许荣涛', '1', '10', null, '0');
INSERT INTO `athletes` VALUES ('431', '1016', '陈世鹏', '1', '10', null, '0');
INSERT INTO `athletes` VALUES ('432', '1017', '范佳晨', '1', '10', null, '0');
INSERT INTO `athletes` VALUES ('433', '1018', '杜致远', '1', '10', null, '0');
INSERT INTO `athletes` VALUES ('434', '1019', '张珂', '1', '10', null, '0');
INSERT INTO `athletes` VALUES ('435', '1020', '张腾宇', '1', '10', null, '0');
INSERT INTO `athletes` VALUES ('436', '1021', '刘状状', '1', '10', null, '0');
INSERT INTO `athletes` VALUES ('437', '1022', '张力', '1', '10', null, '0');
INSERT INTO `athletes` VALUES ('438', '1023', '卢震亚', '1', '10', null, '0');
INSERT INTO `athletes` VALUES ('439', '1024', '来家乐', '1', '10', null, '0');
INSERT INTO `athletes` VALUES ('440', '1025', '陈俊儒', '1', '10', null, '0');
INSERT INTO `athletes` VALUES ('441', '1026', '钟子豪', '1', '10', null, '0');
INSERT INTO `athletes` VALUES ('442', '1027', '曹荣祺', '1', '10', null, '0');
INSERT INTO `athletes` VALUES ('443', '1028', '王续亭', '1', '10', null, '0');
INSERT INTO `athletes` VALUES ('444', '1029', '李彦清', '1', '10', null, '0');
INSERT INTO `athletes` VALUES ('445', '1030', '李仍轩', '1', '10', null, '0');
INSERT INTO `athletes` VALUES ('446', '1031', '柳程曦', '1', '10', null, '0');
INSERT INTO `athletes` VALUES ('447', '1032', '邹荣城', '1', '10', null, '0');
INSERT INTO `athletes` VALUES ('448', '1050', '李佳欣', '2', '10', null, '0');
INSERT INTO `athletes` VALUES ('449', '1051', '郭纪雯', '2', '10', null, '0');
INSERT INTO `athletes` VALUES ('450', '1052', '王瑛', '2', '10', null, '0');
INSERT INTO `athletes` VALUES ('451', '1053', '王敏', '2', '10', null, '0');
INSERT INTO `athletes` VALUES ('452', '1054', '肖玉洁', '2', '10', null, '0');
INSERT INTO `athletes` VALUES ('453', '1055', '智敏', '2', '10', null, '0');
INSERT INTO `athletes` VALUES ('454', '1056', '吴焕哲', '2', '10', null, '0');
INSERT INTO `athletes` VALUES ('455', '1057', '孙瑞迎', '2', '10', null, '0');
INSERT INTO `athletes` VALUES ('456', '1058', '余凡', '2', '10', null, '0');
INSERT INTO `athletes` VALUES ('457', '1059', '张一凡', '2', '10', null, '0');
INSERT INTO `athletes` VALUES ('458', '1060', '刘璐璐', '2', '10', null, '0');
INSERT INTO `athletes` VALUES ('459', '1061', '吕冰欣', '2', '10', null, '0');
INSERT INTO `athletes` VALUES ('460', '1062', '蔡金娜', '2', '10', null, '0');
INSERT INTO `athletes` VALUES ('461', '1063', '闫涛', '2', '10', null, '0');
INSERT INTO `athletes` VALUES ('462', '1064', '刘熙', '2', '10', null, '0');
INSERT INTO `athletes` VALUES ('463', '1065', '杨洋', '2', '10', null, '0');
INSERT INTO `athletes` VALUES ('464', '1066', '耿涵玉', '2', '10', null, '0');
INSERT INTO `athletes` VALUES ('465', '1067', '张钰宏', '2', '10', null, '0');
INSERT INTO `athletes` VALUES ('466', '1068', '赵彦涵', '2', '10', null, '0');
INSERT INTO `athletes` VALUES ('467', '1069', '吴亭仪', '2', '10', null, '0');
INSERT INTO `athletes` VALUES ('468', '1070', '杜竹林', '2', '10', null, '0');
INSERT INTO `athletes` VALUES ('469', '1071', '闫珠蓥', '2', '10', null, '0');
INSERT INTO `athletes` VALUES ('470', '1072', '毛芷雯', '2', '10', null, '0');
INSERT INTO `athletes` VALUES ('471', '1073', '彭珂', '2', '10', null, '0');
INSERT INTO `athletes` VALUES ('472', '1074', '王誉淇', '2', '10', null, '0');
INSERT INTO `athletes` VALUES ('473', '1075', '王云云', '2', '10', null, '0');
INSERT INTO `athletes` VALUES ('474', '1076', '魏昊圆', '2', '10', null, '0');
INSERT INTO `athletes` VALUES ('475', '1077', '李嘉晨', '2', '10', null, '0');
INSERT INTO `athletes` VALUES ('476', '1078', '谢洁维', '2', '10', null, '0');
INSERT INTO `athletes` VALUES ('477', '1079', '徐月', '2', '10', null, '0');
INSERT INTO `athletes` VALUES ('478', '1080', '周宇萍', '2', '10', null, '0');
INSERT INTO `athletes` VALUES ('479', '1081', '谷春燕', '2', '10', null, '0');
INSERT INTO `athletes` VALUES ('480', '1082', '唐甜恬', '2', '10', null, '0');
INSERT INTO `athletes` VALUES ('481', '1083', '冯译霆', '2', '10', null, '0');
INSERT INTO `athletes` VALUES ('482', '1084', '刘婷', '2', '10', null, '0');
INSERT INTO `athletes` VALUES ('483', '1085', '唐淅淅', '2', '10', null, '0');
INSERT INTO `athletes` VALUES ('484', '1086', '王睿缘', '2', '10', null, '0');
INSERT INTO `athletes` VALUES ('485', '1087', '王昕', '2', '10', null, '0');
INSERT INTO `athletes` VALUES ('486', '1088', '贾紫娟', '2', '10', null, '0');
INSERT INTO `athletes` VALUES ('487', '1089', '李韶君', '2', '10', null, '0');
INSERT INTO `athletes` VALUES ('488', '1090', '王淼琪', '2', '10', null, '0');
INSERT INTO `athletes` VALUES ('489', '1100', '刘天宇', '1', '11', null, '0');
INSERT INTO `athletes` VALUES ('490', '1101', '崔颖昭', '1', '11', null, '0');
INSERT INTO `athletes` VALUES ('491', '1102', '白若晗', '1', '11', null, '0');
INSERT INTO `athletes` VALUES ('492', '1103', '高峰', '1', '11', null, '0');
INSERT INTO `athletes` VALUES ('493', '1104', '邢泽坤', '1', '11', null, '0');
INSERT INTO `athletes` VALUES ('494', '1105', '熊心', '1', '11', null, '0');
INSERT INTO `athletes` VALUES ('495', '1106', '何其龙', '1', '11', null, '0');
INSERT INTO `athletes` VALUES ('496', '1107', '崔存泽', '1', '11', null, '0');
INSERT INTO `athletes` VALUES ('497', '1108', '郭子豪', '1', '11', null, '0');
INSERT INTO `athletes` VALUES ('498', '1109', '高瑞尧', '1', '11', null, '0');
INSERT INTO `athletes` VALUES ('499', '1110', '冯泽超', '1', '11', null, '0');
INSERT INTO `athletes` VALUES ('500', '1111', '穆凯鹏', '1', '11', null, '0');
INSERT INTO `athletes` VALUES ('501', '1112', '刘佳毅', '1', '11', null, '0');
INSERT INTO `athletes` VALUES ('502', '1113', '方宝瑞', '1', '11', null, '0');
INSERT INTO `athletes` VALUES ('503', '1114', '李治龙', '1', '11', null, '0');
INSERT INTO `athletes` VALUES ('504', '1115', '王宏飞', '1', '11', null, '0');
INSERT INTO `athletes` VALUES ('505', '1116', '刘亮', '1', '11', null, '0');
INSERT INTO `athletes` VALUES ('506', '1117', '郑洪', '1', '11', null, '0');
INSERT INTO `athletes` VALUES ('507', '1118', '张鑫', '1', '11', null, '0');
INSERT INTO `athletes` VALUES ('508', '1119', '张润', '1', '11', null, '0');
INSERT INTO `athletes` VALUES ('509', '1120', '章宇飞', '1', '11', null, '0');
INSERT INTO `athletes` VALUES ('510', '1121', '许俊豪', '1', '11', null, '0');
INSERT INTO `athletes` VALUES ('511', '1122', '王家豪', '1', '11', null, '0');
INSERT INTO `athletes` VALUES ('512', '1123', '李开创', '1', '11', null, '0');
INSERT INTO `athletes` VALUES ('513', '1124', '渠帅政', '1', '11', null, '0');
INSERT INTO `athletes` VALUES ('514', '1125', '惠润杰', '1', '11', null, '0');
INSERT INTO `athletes` VALUES ('515', '1150', '卢静文', '2', '11', null, '0');
INSERT INTO `athletes` VALUES ('516', '1151', '薛甜利', '2', '11', null, '0');
INSERT INTO `athletes` VALUES ('517', '1152', '曹泽予', '2', '11', null, '0');
INSERT INTO `athletes` VALUES ('518', '1153', '吴一佳', '2', '11', null, '0');
INSERT INTO `athletes` VALUES ('519', '1154', '吉祥瑞', '2', '11', null, '0');
INSERT INTO `athletes` VALUES ('520', '1155', '杨钰', '2', '11', null, '0');
INSERT INTO `athletes` VALUES ('521', '1156', '种晓燕', '2', '11', null, '0');
INSERT INTO `athletes` VALUES ('522', '1157', '冯文秀', '2', '11', null, '0');
INSERT INTO `athletes` VALUES ('523', '1158', '唐曦', '2', '11', null, '0');
INSERT INTO `athletes` VALUES ('524', '1159', '周爽', '2', '11', null, '0');
INSERT INTO `athletes` VALUES ('525', '1160', '殷世林', '2', '11', null, '0');
INSERT INTO `athletes` VALUES ('526', '1161', '贺利娜', '2', '11', null, '0');
INSERT INTO `athletes` VALUES ('527', '1162', '崔子逸', '2', '11', null, '0');
INSERT INTO `athletes` VALUES ('528', '1163', '史程祺', '2', '11', null, '0');
INSERT INTO `athletes` VALUES ('529', '1164', '丁雪爽', '2', '11', null, '0');
INSERT INTO `athletes` VALUES ('530', '1165', '刘泽熙', '2', '11', null, '0');
INSERT INTO `athletes` VALUES ('531', '1166', '庄改利', '2', '11', null, '0');
INSERT INTO `athletes` VALUES ('532', '1167', '贺凤凤', '2', '11', null, '0');
INSERT INTO `athletes` VALUES ('533', '1168', '蔡嫣然', '2', '11', null, '0');
INSERT INTO `athletes` VALUES ('534', '1169', '杜卷侠', '2', '11', null, '0');
INSERT INTO `athletes` VALUES ('535', '1170', '王兰兰', '2', '11', null, '0');
INSERT INTO `athletes` VALUES ('536', '1171', '陈乐乐', '2', '11', null, '0');
INSERT INTO `athletes` VALUES ('537', '1172', '卫紫炎', '2', '11', null, '0');
INSERT INTO `athletes` VALUES ('538', '1173', '向金莲', '2', '11', null, '0');
INSERT INTO `athletes` VALUES ('539', '1174', '张笑笑', '2', '11', null, '0');
INSERT INTO `athletes` VALUES ('540', '1175', '郑英', '2', '11', null, '0');
INSERT INTO `athletes` VALUES ('541', '1176', '谢璐璐', '2', '11', null, '0');
INSERT INTO `athletes` VALUES ('542', '1177', '向诗睿', '2', '11', null, '0');
INSERT INTO `athletes` VALUES ('543', '1178', '李霖娜', '2', '11', null, '0');
INSERT INTO `athletes` VALUES ('544', '1179', '杨艳', '2', '11', null, '0');
INSERT INTO `athletes` VALUES ('545', '1180', '高艳', '2', '11', null, '0');
INSERT INTO `athletes` VALUES ('546', '1181', '杨紫薇', '2', '11', null, '0');
INSERT INTO `athletes` VALUES ('547', '1182', '朱梦瑶', '2', '11', null, '0');
INSERT INTO `athletes` VALUES ('548', '1183', '王雪慧', '2', '11', null, '0');
INSERT INTO `athletes` VALUES ('549', '1184', '刘美霞', '2', '11', null, '0');
INSERT INTO `athletes` VALUES ('550', '1185', '宋佳湉', '2', '11', null, '0');
INSERT INTO `athletes` VALUES ('551', '1186', '史双', '2', '11', null, '0');
INSERT INTO `athletes` VALUES ('552', '1200', '朱登坤', '1', '12', null, '0');
INSERT INTO `athletes` VALUES ('553', '1201', '江育平', '1', '12', null, '0');
INSERT INTO `athletes` VALUES ('554', '1202', '叶希航', '1', '12', null, '0');
INSERT INTO `athletes` VALUES ('555', '1203', '高吉明', '1', '12', null, '0');
INSERT INTO `athletes` VALUES ('556', '1204', '李江', '1', '12', null, '0');
INSERT INTO `athletes` VALUES ('557', '1205', '陈家帅', '1', '12', null, '0');
INSERT INTO `athletes` VALUES ('558', '1206', '李伟', '1', '12', null, '0');
INSERT INTO `athletes` VALUES ('559', '1207', '乔龙', '1', '12', null, '0');
INSERT INTO `athletes` VALUES ('560', '1210', '罗家茁', '1', '12', null, '0');
INSERT INTO `athletes` VALUES ('561', '1211', '毛震', '1', '12', null, '0');
INSERT INTO `athletes` VALUES ('562', '1250', '杨青桐', '2', '12', null, '0');
INSERT INTO `athletes` VALUES ('563', '1251', '张越', '2', '12', null, '0');
INSERT INTO `athletes` VALUES ('564', '1252', '李芳', '2', '12', null, '0');
INSERT INTO `athletes` VALUES ('565', '1253', '徐楠楠', '2', '12', null, '0');
INSERT INTO `athletes` VALUES ('566', '1254', '乔欣研', '2', '12', null, '0');
INSERT INTO `athletes` VALUES ('567', '1255', '孙瑞', '2', '12', null, '0');
INSERT INTO `athletes` VALUES ('568', '1256', '何敏', '2', '12', null, '0');
INSERT INTO `athletes` VALUES ('569', '1257', '杨晓玉', '2', '12', null, '0');
INSERT INTO `athletes` VALUES ('570', '1258', '燕婷婷', '2', '12', null, '0');
INSERT INTO `athletes` VALUES ('571', '1259', '魏盼', '2', '12', null, '0');
INSERT INTO `athletes` VALUES ('572', '1260', '韦正蝉', '2', '12', null, '0');
INSERT INTO `athletes` VALUES ('573', '1300', '李亚东', '1', '13', null, '0');
INSERT INTO `athletes` VALUES ('574', '1301', '倪一凡', '1', '13', null, '0');
INSERT INTO `athletes` VALUES ('575', '1302', '朱浩瑞', '1', '13', null, '0');
INSERT INTO `athletes` VALUES ('576', '1303', '姬理哲', '1', '13', null, '0');
INSERT INTO `athletes` VALUES ('577', '1304', '张博元', '1', '13', null, '0');
INSERT INTO `athletes` VALUES ('578', '1305', '刘元明', '1', '13', null, '0');
INSERT INTO `athletes` VALUES ('579', '1306', '董定洋', '1', '13', null, '0');
INSERT INTO `athletes` VALUES ('580', '1307', '答佳晟', '1', '13', null, '0');
INSERT INTO `athletes` VALUES ('581', '1308', '封晟哲', '1', '13', null, '0');
INSERT INTO `athletes` VALUES ('582', '1309', '张定潘', '1', '13', null, '0');
INSERT INTO `athletes` VALUES ('583', '1310', '冉宁远', '1', '13', null, '0');
INSERT INTO `athletes` VALUES ('584', '1311', '李晨昊', '1', '13', null, '0');
INSERT INTO `athletes` VALUES ('585', '1312', '徐泽文', '1', '13', null, '0');
INSERT INTO `athletes` VALUES ('586', '1313', '侯鹏飞', '1', '13', null, '0');
INSERT INTO `athletes` VALUES ('587', '1314', '尹鹏程', '1', '13', null, '0');
INSERT INTO `athletes` VALUES ('588', '1315', '郭建钊', '1', '13', null, '0');
INSERT INTO `athletes` VALUES ('589', '1316', '东逸轩', '1', '13', null, '0');
INSERT INTO `athletes` VALUES ('590', '1317', '黄继恒', '1', '13', null, '0');
INSERT INTO `athletes` VALUES ('591', '1318', '王艺瑾', '1', '13', null, '0');
INSERT INTO `athletes` VALUES ('592', '1319', '张越', '1', '13', null, '0');
INSERT INTO `athletes` VALUES ('593', '1320', '陈正亮', '1', '13', null, '0');
INSERT INTO `athletes` VALUES ('594', '1321', '张虎', '1', '13', null, '0');
INSERT INTO `athletes` VALUES ('595', '1322', '刘岩松', '1', '13', null, '0');
INSERT INTO `athletes` VALUES ('596', '1323', '刘智森', '1', '13', null, '0');
INSERT INTO `athletes` VALUES ('597', '1324', '杨炯', '1', '13', null, '0');
INSERT INTO `athletes` VALUES ('598', '1325', '梁乐', '1', '13', null, '0');
INSERT INTO `athletes` VALUES ('599', '1326', '袁子龙', '1', '13', null, '0');
INSERT INTO `athletes` VALUES ('600', '1327', '王向阳', '1', '13', null, '0');
INSERT INTO `athletes` VALUES ('601', '1350', '赵玲', '2', '13', null, '0');
INSERT INTO `athletes` VALUES ('602', '1351', '张慧琴', '2', '13', null, '0');
INSERT INTO `athletes` VALUES ('603', '1352', '刘允绚', '2', '13', null, '0');
INSERT INTO `athletes` VALUES ('604', '1353', '刘帆', '2', '13', null, '0');
INSERT INTO `athletes` VALUES ('605', '1354', '彭宇', '2', '13', null, '0');
INSERT INTO `athletes` VALUES ('606', '1355', '辛贝贝', '2', '13', null, '0');
INSERT INTO `athletes` VALUES ('607', '1356', '刘玄元', '2', '13', null, '0');
INSERT INTO `athletes` VALUES ('608', '1357', '雷欢', '2', '13', null, '0');
INSERT INTO `athletes` VALUES ('609', '1358', '赵雨', '2', '13', null, '0');
INSERT INTO `athletes` VALUES ('610', '1359', '赵娟', '2', '13', null, '0');
INSERT INTO `athletes` VALUES ('611', '1360', '刘雅雯', '2', '13', null, '0');
INSERT INTO `athletes` VALUES ('612', '1361', '王甜甜', '2', '13', null, '0');
INSERT INTO `athletes` VALUES ('613', '1362', '曹改云', '2', '13', null, '0');
INSERT INTO `athletes` VALUES ('614', '1363', '刘媛', '2', '13', null, '0');
INSERT INTO `athletes` VALUES ('615', '1364', '寸欣越', '2', '13', null, '0');
INSERT INTO `athletes` VALUES ('616', '1365', '张茜', '2', '13', null, '0');
INSERT INTO `athletes` VALUES ('617', '1366', '马丽娅', '2', '13', null, '0');
INSERT INTO `athletes` VALUES ('618', '1367', '李雪', '2', '13', null, '0');
INSERT INTO `athletes` VALUES ('619', '1368', '张嘉怡', '2', '13', null, '0');
INSERT INTO `athletes` VALUES ('620', '1369', '刘雨涵', '2', '13', null, '0');
INSERT INTO `athletes` VALUES ('621', '1370', '张姚', '2', '13', null, '0');
INSERT INTO `athletes` VALUES ('622', '1371', '沈美珍', '2', '13', null, '0');
INSERT INTO `athletes` VALUES ('623', '1372', '张松怡', '2', '13', null, '0');
INSERT INTO `athletes` VALUES ('624', '1373', '刘艺', '2', '13', null, '0');
INSERT INTO `athletes` VALUES ('625', '1374', '罗志琳', '2', '13', null, '0');
INSERT INTO `athletes` VALUES ('626', '1400', 'Sarwar', '1', '14', null, '0');
INSERT INTO `athletes` VALUES ('627', '1401', 'Tanvir', '1', '14', null, '0');
INSERT INTO `athletes` VALUES ('628', '1402', 'Macdonald', '1', '14', null, '0');
INSERT INTO `athletes` VALUES ('629', '1403', 'AMI', '1', '14', null, '0');
INSERT INTO `athletes` VALUES ('630', '1404', 'Clauvis', '1', '14', null, '0');
INSERT INTO `athletes` VALUES ('631', '1405', 'SAM', '1', '14', null, '0');
INSERT INTO `athletes` VALUES ('632', '1406', 'Issoufou', '1', '14', null, '0');
INSERT INTO `athletes` VALUES ('633', '1407', 'Siddiqui', '1', '14', null, '0');
INSERT INTO `athletes` VALUES ('634', '1408', 'Shoaib', '1', '14', null, '0');
INSERT INTO `athletes` VALUES ('635', '1409', 'Umer', '1', '14', null, '0');
INSERT INTO `athletes` VALUES ('636', '1410', 'Durri', '1', '14', null, '0');
INSERT INTO `athletes` VALUES ('637', '1411', 'Rafi', '1', '14', null, '0');
INSERT INTO `athletes` VALUES ('638', '1450', '萨莎', '2', '14', null, '0');
INSERT INTO `athletes` VALUES ('639', '0728', '雒少奇', '1', '7', null, '0');
INSERT INTO `athletes` VALUES ('640', '0001', '轻工', null, '1', null, '1');
INSERT INTO `athletes` VALUES ('641', '0002', '材料', null, '2', null, '1');
INSERT INTO `athletes` VALUES ('642', '0003', '环境', null, '3', null, '1');
INSERT INTO `athletes` VALUES ('643', '0004', '食品', null, '4', null, '1');
INSERT INTO `athletes` VALUES ('644', '0005', '机电', null, '5', null, '1');
INSERT INTO `athletes` VALUES ('645', '0006', '电控', null, '6', null, '1');
INSERT INTO `athletes` VALUES ('646', '0007', '电智', null, '7', null, '1');
INSERT INTO `athletes` VALUES ('647', '0008', '经管', null, '8', null, '1');
INSERT INTO `athletes` VALUES ('648', '0009', '化工', null, '9', null, '1');
INSERT INTO `athletes` VALUES ('649', '0010', '设艺', null, '10', null, '1');
INSERT INTO `athletes` VALUES ('650', '0011', '文理', null, '11', null, '1');
INSERT INTO `athletes` VALUES ('651', '0012', '教育', null, '12', null, '1');
INSERT INTO `athletes` VALUES ('652', '0013', '镐京', null, '13', null, '1');
INSERT INTO `athletes` VALUES ('653', '0014', '国际', null, '14', null, '1');

-- ----------------------------
-- Table structure for college
-- ----------------------------
DROP TABLE IF EXISTS `college`;
CREATE TABLE `college` (
  `id` int(11) NOT NULL COMMENT '编号',
  `name` varchar(20) DEFAULT NULL COMMENT '学院名称',
  PRIMARY KEY (`id`)
) ENGINE=InnoDB DEFAULT CHARSET=utf8;

-- ----------------------------
-- Records of college
-- ----------------------------
INSERT INTO `college` VALUES ('1', '轻工科学与工程学院');
INSERT INTO `college` VALUES ('2', ' 材料科学与工程学院');
INSERT INTO `college` VALUES ('3', '环境科学与工程学院');
INSERT INTO `college` VALUES ('4', '食品与生物工程学院');
INSERT INTO `college` VALUES ('5', '机电工程学院');
INSERT INTO `college` VALUES ('6', '电气与控制工程学院');
INSERT INTO `college` VALUES ('7', '电子信息与人工智能学院');
INSERT INTO `college` VALUES ('8', '经济与管理学院');
INSERT INTO `college` VALUES ('9', '化学与化工学院');
INSERT INTO `college` VALUES ('10', '设计与艺术学院');
INSERT INTO `college` VALUES ('11', '文理学院');
INSERT INTO `college` VALUES ('12', '教育学院');
INSERT INTO `college` VALUES ('13', '镐京学院');
INSERT INTO `college` VALUES ('14', '国际教育学院');

-- ----------------------------
-- Table structure for college_total
-- ----------------------------
DROP TABLE IF EXISTS `college_total`;
CREATE TABLE `college_total` (
  `id` int(11) NOT NULL AUTO_INCREMENT,
  `college_id` int(11) NOT NULL COMMENT '学院id',
  `total` double(11,2) DEFAULT NULL COMMENT '总分数',
  PRIMARY KEY (`id`)
) ENGINE=InnoDB AUTO_INCREMENT=15 DEFAULT CHARSET=utf8;

-- ----------------------------
-- Records of college_total
-- ----------------------------
INSERT INTO `college_total` VALUES ('1', '1', '140.00');
INSERT INTO `college_total` VALUES ('2', '2', '273.00');
INSERT INTO `college_total` VALUES ('3', '3', '63.00');
INSERT INTO `college_total` VALUES ('4', '4', '68.00');
INSERT INTO `college_total` VALUES ('5', '5', '271.00');
INSERT INTO `college_total` VALUES ('6', '6', '139.00');
INSERT INTO `college_total` VALUES ('7', '7', '131.50');
INSERT INTO `college_total` VALUES ('8', '8', '229.00');
INSERT INTO `college_total` VALUES ('9', '9', '71.00');
INSERT INTO `college_total` VALUES ('10', '10', '17.50');
INSERT INTO `college_total` VALUES ('11', '11', '26.00');
INSERT INTO `college_total` VALUES ('12', '12', '4.00');
INSERT INTO `college_total` VALUES ('13', '13', '306.00');
INSERT INTO `college_total` VALUES ('14', '14', '7.00');

-- ----------------------------
-- Table structure for connect
-- ----------------------------
DROP TABLE IF EXISTS `connect`;
CREATE TABLE `connect` (
  `athletes_id` int(11) DEFAULT NULL COMMENT '运动员编号',
  `college_id` int(11) DEFAULT NULL COMMENT '学院编号',
  `match_project_id` int(11) DEFAULT NULL COMMENT '比赛编号',
  `rank` int(11) DEFAULT NULL COMMENT '排名',
  `score` int(11) DEFAULT '0' COMMENT '积分',
  `grade` varchar(20) DEFAULT '' COMMENT '分数',
  KEY `athletes_id` (`athletes_id`),
  KEY `college_id` (`college_id`),
  KEY `match_project_id` (`match_project_id`),
  CONSTRAINT `connect_ibfk_2` FOREIGN KEY (`college_id`) REFERENCES `college` (`id`),
  CONSTRAINT `connect_ibfk_3` FOREIGN KEY (`match_project_id`) REFERENCES `match_project` (`id`)
) ENGINE=InnoDB DEFAULT CHARSET=utf8;

-- ----------------------------
-- Records of connect
-- ----------------------------
INSERT INTO `connect` VALUES ('135', '4', '3', '5', '4', '6 27 9');
INSERT INTO `connect` VALUES ('408', '9', '3', '18', '0', '7 06 8');
INSERT INTO `connect` VALUES ('614', '13', '3', '10', '0', '6 43 6');
INSERT INTO `connect` VALUES ('185', '5', '3', '1', '9', '6 09 1');
INSERT INTO `connect` VALUES ('39', '1', '3', '4', '5', '6 25 6');
INSERT INTO `connect` VALUES ('528', '11', '3', '26', '0', '8 41 9');
INSERT INTO `connect` VALUES ('351', '8', '3', '25', '0', '7 57 5');
INSERT INTO `connect` VALUES ('243', '6', '3', '14', '0', '6 56 9');
INSERT INTO `connect` VALUES ('612', '13', '3', '27', '0', '0');
INSERT INTO `connect` VALUES ('136', '4', '3', '15', '0', '7 01 6');
INSERT INTO `connect` VALUES ('406', '9', '3', '17', '0', '7 04 6');
INSERT INTO `connect` VALUES ('79', '2', '3', '6', '3', '6 30 2');
INSERT INTO `connect` VALUES ('293', '7', '3', '13', '0', '6 52 7');
INSERT INTO `connect` VALUES ('461', '10', '3', '28', '0', '0');
INSERT INTO `connect` VALUES ('242', '6', '3', '19', '0', '7 09 5');
INSERT INTO `connect` VALUES ('350', '8', '3', '29', '0', '0');
INSERT INTO `connect` VALUES ('527', '11', '3', '12', '0', '6 52 2');
INSERT INTO `connect` VALUES ('76', '2', '3', '3', '6', '6 13 2');
INSERT INTO `connect` VALUES ('283', '7', '3', '2', '7', '6 11 8');
INSERT INTO `connect` VALUES ('477', '10', '3', '30', '0', '0');
INSERT INTO `connect` VALUES ('409', '9', '3', '20', '0', '7 13 9');
INSERT INTO `connect` VALUES ('615', '13', '3', '7', '2', '6 30 4');
INSERT INTO `connect` VALUES ('141', '4', '3', '23', '0', '7 31 7');
INSERT INTO `connect` VALUES ('567', '12', '3', '22', '0', '7 24 9');
INSERT INTO `connect` VALUES ('407', '9', '3', '16', '0', '7 03 0');
INSERT INTO `connect` VALUES ('613', '13', '3', '8', '1', '6 32 3');
INSERT INTO `connect` VALUES ('140', '4', '3', '24', '0', '7 52 3');
INSERT INTO `connect` VALUES ('478', '10', '3', '31', '0', '0');
INSERT INTO `connect` VALUES ('81', '2', '3', '9', '0', '6 32 9');
INSERT INTO `connect` VALUES ('294', '7', '3', '11', '0', '6 49 3');
INSERT INTO `connect` VALUES ('638', '14', '3', '21', '0', '7 22 2');
INSERT INTO `connect` VALUES ('565', '12', '10', '18', '0', '3.62');
INSERT INTO `connect` VALUES ('360', '8', '10', '29', '0', '3.06');
INSERT INTO `connect` VALUES ('104', '3', '10', '13', '0', '3.78');
INSERT INTO `connect` VALUES ('229', '6', '10', '8', '1', '3.91');
INSERT INTO `connect` VALUES ('46', '1', '10', '34', '0', '2.24');
INSERT INTO `connect` VALUES ('476', '10', '10', '33', '0', '2.27');
INSERT INTO `connect` VALUES ('602', '13', '10', '3', '6', '4.32');
INSERT INTO `connect` VALUES ('185', '5', '10', '23', '0', '3.41');
INSERT INTO `connect` VALUES ('96', '3', '10', '19', '0', '3.56');
INSERT INTO `connect` VALUES ('228', '6', '10', '4', '5', '4.29');
INSERT INTO `connect` VALUES ('358', '8', '10', '28', '0', '3.15');
INSERT INTO `connect` VALUES ('534', '11', '10', '32', '0', '2.79');
INSERT INTO `connect` VALUES ('617', '13', '10', '2', '7', '4.35');
INSERT INTO `connect` VALUES ('182', '5', '10', '5', '4', '4.21');
INSERT INTO `connect` VALUES ('468', '10', '10', '36', '0', '0');
INSERT INTO `connect` VALUES ('403', '9', '10', '1', '9', '4.38');
INSERT INTO `connect` VALUES ('295', '7', '10', '30', '0', '2.95');
INSERT INTO `connect` VALUES ('129', '4', '10', '26', '0', '3.32');
INSERT INTO `connect` VALUES ('45', '1', '10', '20', '0', '3.54');
INSERT INTO `connect` VALUES ('471', '10', '10', '35', '0', '2.23');
INSERT INTO `connect` VALUES ('533', '11', '10', '20', '0', '3.54');
INSERT INTO `connect` VALUES ('184', '5', '10', '22', '0', '3.51');
INSERT INTO `connect` VALUES ('244', '6', '10', '12', '0', '3.83');
INSERT INTO `connect` VALUES ('103', '3', '10', '16', '0', '3.65');
INSERT INTO `connect` VALUES ('535', '11', '10', '27', '0', '3.30');
INSERT INTO `connect` VALUES ('359', '8', '10', '13', '0', '3.78');
INSERT INTO `connect` VALUES ('183', '5', '10', '23', '0', '3.41');
INSERT INTO `connect` VALUES ('618', '13', '10', '10', '0', '3.85');
INSERT INTO `connect` VALUES ('296', '7', '10', '31', '0', '2.83');
INSERT INTO `connect` VALUES ('363', '8', '10', '6', '3', '4.02');
INSERT INTO `connect` VALUES ('619', '13', '10', '15', '0', '3.76');
INSERT INTO `connect` VALUES ('232', '6', '10', '17', '0', '3.64');
INSERT INTO `connect` VALUES ('212', '6', '4', '19', '0', '5 13 3');
INSERT INTO `connect` VALUES ('100', '3', '10', '7', '2', '4.01');
INSERT INTO `connect` VALUES ('629', '14', '4', '36', '0', '6 48 6');
INSERT INTO `connect` VALUES ('536', '11', '10', '25', '0', '3.38');
INSERT INTO `connect` VALUES ('127', '4', '10', '10', '0', '3.85');
INSERT INTO `connect` VALUES ('64', '2', '4', '15', '0', '5 09 3');
INSERT INTO `connect` VALUES ('404', '9', '10', '9', '0', '3.87');
INSERT INTO `connect` VALUES ('503', '11', '11', '38', '0', '5.05');
INSERT INTO `connect` VALUES ('631', '14', '11', '26', '0', '7.31');
INSERT INTO `connect` VALUES ('20', '1', '4', '21', '0', '5 16 9');
INSERT INTO `connect` VALUES ('383', '9', '11', '30', '0', '7.05');
INSERT INTO `connect` VALUES ('331', '8', '11', '13', '0', '8.56');
INSERT INTO `connect` VALUES ('276', '7', '11', '24', '0', '7.42');
INSERT INTO `connect` VALUES ('223', '6', '11', '27', '0', '7.14');
INSERT INTO `connect` VALUES ('66', '2', '11', '2', '7', '10.09');
INSERT INTO `connect` VALUES ('150', '5', '11', '1', '9', '10.99');
INSERT INTO `connect` VALUES ('220', '6', '11', '34', '0', '6.48');
INSERT INTO `connect` VALUES ('272', '7', '11', '20', '0', '7.98');
INSERT INTO `connect` VALUES ('423', '10', '4', '34', '0', '6 39 8');
INSERT INTO `connect` VALUES ('582', '13', '4', '12', '0', '5 01 4');
INSERT INTO `connect` VALUES ('558', '12', '4', '25', '0', '5 26 2');
INSERT INTO `connect` VALUES ('380', '9', '11', '37', '0', '5.32');
INSERT INTO `connect` VALUES ('328', '8', '11', '16', '0', '8.26');
INSERT INTO `connect` VALUES ('416', '10', '11', '39', '0', '0');
INSERT INTO `connect` VALUES ('594', '13', '11', '6', '3', '9.41');
INSERT INTO `connect` VALUES ('429', '10', '11', '27', '0', '7.14');
INSERT INTO `connect` VALUES ('376', '9', '4', '15', '0', '5 09 3');
INSERT INTO `connect` VALUES ('595', '13', '11', '14', '0', '8.55');
INSERT INTO `connect` VALUES ('330', '8', '11', '4', '5', '9.71');
INSERT INTO `connect` VALUES ('275', '7', '11', '40', '0', '0');
INSERT INTO `connect` VALUES ('382', '9', '11', '29', '0', '7.07');
INSERT INTO `connect` VALUES ('154', '5', '11', '10', '0', '8.92');
INSERT INTO `connect` VALUES ('17', '1', '4', '2', '7', '4 42 1');
INSERT INTO `connect` VALUES ('61', '2', '4', '11', '0', '5 00 8');
INSERT INTO `connect` VALUES ('222', '6', '11', '23', '0', '7.47');
INSERT INTO `connect` VALUES ('221', '6', '11', '17', '0', '8.18');
INSERT INTO `connect` VALUES ('151', '5', '11', '3', '6', '9.81');
INSERT INTO `connect` VALUES ('422', '10', '11', '36', '0', '5.73');
INSERT INTO `connect` VALUES ('152', '5', '4', '14', '0', '5 04 2');
INSERT INTO `connect` VALUES ('320', '8', '4', '5', '4', '4 50 3');
INSERT INTO `connect` VALUES ('589', '13', '11', '9', '0', '9.16');
INSERT INTO `connect` VALUES ('3', '1', '11', '19', '0', '8.01');
INSERT INTO `connect` VALUES ('274', '7', '11', '41', '0', '0');
INSERT INTO `connect` VALUES ('329', '8', '11', '12', '0', '8.57');
INSERT INTO `connect` VALUES ('381', '9', '11', '42', '0', '0');
INSERT INTO `connect` VALUES ('111', '4', '11', '8', '1', '9.17');
INSERT INTO `connect` VALUES ('586', '13', '4', '9', '0', '4 56 7');
INSERT INTO `connect` VALUES ('626', '14', '4', '31', '0', '5 57 5');
INSERT INTO `connect` VALUES ('93', '3', '11', '35', '0', '6.23');
INSERT INTO `connect` VALUES ('632', '14', '11', '11', '0', '8.73');
INSERT INTO `connect` VALUES ('504', '11', '11', '33', '0', '6.65');
INSERT INTO `connect` VALUES ('67', '2', '11', '18', '0', '8.10');
INSERT INTO `connect` VALUES ('9', '1', '11', '22', '0', '7.91');
INSERT INTO `connect` VALUES ('202', '6', '4', '6', '3', '4 51 1');
INSERT INTO `connect` VALUES ('4', '1', '11', '5', '4', '9.56');
INSERT INTO `connect` VALUES ('65', '2', '11', '25', '0', '7.32');
INSERT INTO `connect` VALUES ('502', '11', '11', '30', '0', '7.05');
INSERT INTO `connect` VALUES ('175', '5', '11', '15', '0', '8.53');
INSERT INTO `connect` VALUES ('627', '14', '11', '21', '0', '7.92');
INSERT INTO `connect` VALUES ('440', '10', '4', '35', '0', '6 42 3');
INSERT INTO `connect` VALUES ('162', '5', '4', '24', '0', '5 25 7');
INSERT INTO `connect` VALUES ('596', '13', '11', '7', '2', '9.19');
INSERT INTO `connect` VALUES ('430', '10', '11', '32', '0', '6.88');
INSERT INTO `connect` VALUES ('62', '2', '4', '4', '5', '4 43 1');
INSERT INTO `connect` VALUES ('19', '1', '4', '17', '0', '5 09 5');
INSERT INTO `connect` VALUES ('554', '12', '4', '38', '0', '0');
INSERT INTO `connect` VALUES ('489', '11', '4', '10', '0', '4 59 7');
INSERT INTO `connect` VALUES ('375', '9', '4', '33', '0', '6 33 5');
INSERT INTO `connect` VALUES ('273', '7', '4', '22', '0', '5 18 2');
INSERT INTO `connect` VALUES ('308', '8', '4', '23', '0', '5 19 9');
INSERT INTO `connect` VALUES ('321', '8', '4', '8', '1', '4 56 4');
INSERT INTO `connect` VALUES ('587', '13', '4', '7', '2', '4 52 0');
INSERT INTO `connect` VALUES ('18', '1', '4', '27', '0', '5 32 6');
INSERT INTO `connect` VALUES ('628', '14', '4', '30', '0', '5 57 2');
INSERT INTO `connect` VALUES ('158', '5', '4', '3', '6', '4 42 2');
INSERT INTO `connect` VALUES ('209', '6', '4', '26', '0', '5 28 8');
INSERT INTO `connect` VALUES ('60', '2', '4', '39', '0', '0');
INSERT INTO `connect` VALUES ('256', '7', '4', '13', '0', '5 03 2');
INSERT INTO `connect` VALUES ('427', '10', '4', '32', '0', '6 00 9');
INSERT INTO `connect` VALUES ('199', '6', '4', '1', '9', '4 40 9');
INSERT INTO `connect` VALUES ('583', '13', '4', '18', '0', '5 12 1');
INSERT INTO `connect` VALUES ('492', '11', '4', '29', '0', '5 33 5');
INSERT INTO `connect` VALUES ('318', '8', '4', '37', '0', '7 26 6');
INSERT INTO `connect` VALUES ('167', '5', '4', '28', '0', '5 33 2');
INSERT INTO `connect` VALUES ('630', '14', '4', '20', '0', '5 15 7');
INSERT INTO `connect` VALUES ('155', '5', '23', '7', '2', '5.60');
INSERT INTO `connect` VALUES ('391', '9', '23', '15', '0', '0');
INSERT INTO `connect` VALUES ('94', '3', '23', '16', '0', '0');
INSERT INTO `connect` VALUES ('218', '6', '23', '17', '0', '0');
INSERT INTO `connect` VALUES ('60', '2', '23', '4', '5', '5.74');
INSERT INTO `connect` VALUES ('436', '10', '23', '18', '0', '0');
INSERT INTO `connect` VALUES ('586', '13', '23', '8', '1', '5.54');
INSERT INTO `connect` VALUES ('311', '8', '23', '5', '4', '5.73');
INSERT INTO `connect` VALUES ('216', '6', '23', '19', '0', '0');
INSERT INTO `connect` VALUES ('156', '5', '23', '20', '0', '0');
INSERT INTO `connect` VALUES ('268', '7', '23', '21', '0', '0');
INSERT INTO `connect` VALUES ('389', '9', '23', '22', '0', '0');
INSERT INTO `connect` VALUES ('592', '13', '23', '1', '9', '6.16');
INSERT INTO `connect` VALUES ('6', '1', '23', '23', '0', '0');
INSERT INTO `connect` VALUES ('308', '8', '23', '24', '0', '0');
INSERT INTO `connect` VALUES ('424', '10', '23', '25', '0', '0');
INSERT INTO `connect` VALUES ('499', '11', '23', '26', '0', '0');
INSERT INTO `connect` VALUES ('69', '2', '23', '10', '0', '5.31');
INSERT INTO `connect` VALUES ('426', '10', '23', '27', '0', '0');
INSERT INTO `connect` VALUES ('1', '1', '23', '2', '7', '6.06');
INSERT INTO `connect` VALUES ('324', '8', '23', '14', '0', '4.79');
INSERT INTO `connect` VALUES ('580', '13', '23', '9', '0', '5.51');
INSERT INTO `connect` VALUES ('267', '7', '23', '3', '6', '5.85');
INSERT INTO `connect` VALUES ('269', '7', '23', '28', '0', '0');
INSERT INTO `connect` VALUES ('217', '6', '23', '29', '0', '0');
INSERT INTO `connect` VALUES ('165', '5', '23', '30', '0', '0');
INSERT INTO `connect` VALUES ('593', '13', '23', '6', '3', '5.69');
INSERT INTO `connect` VALUES ('390', '9', '23', '31', '0', '0');
INSERT INTO `connect` VALUES ('316', '8', '23', '13', '0', '5.13');
INSERT INTO `connect` VALUES ('8', '1', '23', '32', '0', '0');
INSERT INTO `connect` VALUES ('11', '1', '23', '33', '0', '0');
INSERT INTO `connect` VALUES ('254', '7', '23', '12', '0', '5.26');
INSERT INTO `connect` VALUES ('205', '6', '23', '11', '0', '5.30');
INSERT INTO `connect` VALUES ('170', '5', '23', '34', '0', '0');
INSERT INTO `connect` VALUES ('121', '4', '23', '35', '0', '0');
INSERT INTO `connect` VALUES ('392', '9', '23', '36', '0', '0');
INSERT INTO `connect` VALUES ('492', '11', '23', '37', '0', '0');
INSERT INTO `connect` VALUES ('563', '12', '24', '10', '0', '6.56');
INSERT INTO `connect` VALUES ('611', '13', '24', '7', '2', '6.97');
INSERT INTO `connect` VALUES ('289', '7', '24', '5', '4', '7.26');
INSERT INTO `connect` VALUES ('401', '9', '24', '37', '0', '0');
INSERT INTO `connect` VALUES ('361', '8', '24', '25', '0', '5.41');
INSERT INTO `connect` VALUES ('541', '11', '24', '36', '0', '3.91');
INSERT INTO `connect` VALUES ('469', '10', '24', '38', '0', '0');
INSERT INTO `connect` VALUES ('181', '5', '24', '3', '6', '7.61');
INSERT INTO `connect` VALUES ('245', '6', '24', '13', '0', '6.37');
INSERT INTO `connect` VALUES ('364', '8', '24', '26', '0', '5.28');
INSERT INTO `connect` VALUES ('298', '7', '24', '18', '0', '5.83');
INSERT INTO `connect` VALUES ('448', '10', '24', '39', '0', '0');
INSERT INTO `connect` VALUES ('620', '13', '24', '1', '9', '8.60');
INSERT INTO `connect` VALUES ('538', '11', '24', '27', '0', '5.18');
INSERT INTO `connect` VALUES ('603', '13', '24', '15', '0', '5.98');
INSERT INTO `connect` VALUES ('356', '8', '24', '4', '5', '7.37');
INSERT INTO `connect` VALUES ('228', '6', '24', '12', '0', '6.38');
INSERT INTO `connect` VALUES ('540', '11', '24', '28', '0', '5.16');
INSERT INTO `connect` VALUES ('295', '7', '24', '32', '0', '4.98');
INSERT INTO `connect` VALUES ('455', '10', '24', '19', '0', '5.75');
INSERT INTO `connect` VALUES ('191', '5', '24', '20', '0', '5.66');
INSERT INTO `connect` VALUES ('246', '6', '24', '40', '0', '0');
INSERT INTO `connect` VALUES ('189', '5', '24', '34', '0', '4.49');
INSERT INTO `connect` VALUES ('454', '10', '24', '6', '3', '7.03');
INSERT INTO `connect` VALUES ('365', '8', '24', '12', '0', '6.38');
INSERT INTO `connect` VALUES ('539', '11', '24', '24', '0', '5.43');
INSERT INTO `connect` VALUES ('299', '7', '24', '35', '0', '4.38');
INSERT INTO `connect` VALUES ('621', '13', '24', '2', '7', '7.79');
INSERT INTO `connect` VALUES ('44', '1', '24', '30', '0', '5.04');
INSERT INTO `connect` VALUES ('104', '3', '24', '9', '0', '6.66');
INSERT INTO `connect` VALUES ('190', '5', '24', '31', '0', '4.99');
INSERT INTO `connect` VALUES ('133', '4', '24', '17', '0', '5.91');
INSERT INTO `connect` VALUES ('85', '2', '24', '14', '0', '6.07');
INSERT INTO `connect` VALUES ('402', '9', '24', '41', '0', '0');
INSERT INTO `connect` VALUES ('565', '12', '24', '11', '0', '6.52');
INSERT INTO `connect` VALUES ('398', '9', '24', '23', '0', '5.55');
INSERT INTO `connect` VALUES ('571', '12', '24', '21', '0', '5.58');
INSERT INTO `connect` VALUES ('83', '2', '24', '8', '1', '6.77');
INSERT INTO `connect` VALUES ('105', '3', '24', '22', '0', '5.57');
INSERT INTO `connect` VALUES ('130', '4', '24', '29', '0', '5.06');
INSERT INTO `connect` VALUES ('230', '6', '24', '33', '0', '4.72');
INSERT INTO `connect` VALUES ('479', '10', '25', '15', '0', '1.08');
INSERT INTO `connect` VALUES ('609', '13', '25', '12', '0', '1.17');
INSERT INTO `connect` VALUES ('608', '13', '25', '2', '7', '1.32');
INSERT INTO `connect` VALUES ('477', '10', '25', '15', '0', '1.08');
INSERT INTO `connect` VALUES ('356', '8', '25', '6', '3', '1.26');
INSERT INTO `connect` VALUES ('601', '13', '25', '4', '5', '1.29');
INSERT INTO `connect` VALUES ('229', '6', '25', '9', '0', '1.23');
INSERT INTO `connect` VALUES ('289', '7', '25', '1', '9', '1.38');
INSERT INTO `connect` VALUES ('84', '2', '25', '7', '2', '1.26');
INSERT INTO `connect` VALUES ('616', '13', '25', '3', '6', '1.29');
INSERT INTO `connect` VALUES ('357', '8', '25', '10', '0', '1.20');
INSERT INTO `connect` VALUES ('400', '9', '25', '18', '0', '0');
INSERT INTO `connect` VALUES ('106', '3', '25', '5', '4', '1.29');
INSERT INTO `connect` VALUES ('465', '10', '25', '14', '0', '1.11');
INSERT INTO `connect` VALUES ('72', '2', '25', '15', '0', '1.08');
INSERT INTO `connect` VALUES ('337', '8', '25', '8', '1', '1.23');
INSERT INTO `connect` VALUES ('533', '11', '25', '12', '0', '1.17');
INSERT INTO `connect` VALUES ('401', '9', '25', '19', '0', '0');
INSERT INTO `connect` VALUES ('355', '8', '25', '10', '0', '1.20');
INSERT INTO `connect` VALUES ('470', '10', '25', '20', '0', '0');
INSERT INTO `connect` VALUES ('500', '11', '26', '18', '0', '17.38');
INSERT INTO `connect` VALUES ('595', '13', '26', '11', '0', '24.00');
INSERT INTO `connect` VALUES ('415', '10', '26', '22', '0', '09.35');
INSERT INTO `connect` VALUES ('222', '6', '26', '34', '0', '0');
INSERT INTO `connect` VALUES ('502', '1', '26', '33', '0', '0');
INSERT INTO `connect` VALUES ('125', '4', '26', '3', '6', '34.90');
INSERT INTO `connect` VALUES ('66', '2', '26', '1', '9', '43.71');
INSERT INTO `connect` VALUES ('224', '6', '26', '24', '0', '0');
INSERT INTO `connect` VALUES ('277', '7', '26', '17', '0', '18.92');
INSERT INTO `connect` VALUES ('505', '11', '26', '25', '0', '0');
INSERT INTO `connect` VALUES ('150', '5', '26', '5', '4', '30.69');
INSERT INTO `connect` VALUES ('322', '8', '26', '9', '0', '25.55');
INSERT INTO `connect` VALUES ('590', '8', '26', '19', '0', '16.06');
INSERT INTO `connect` VALUES ('25', '1', '26', '13', '0', '23.38');
INSERT INTO `connect` VALUES ('328', '8', '26', '26', '0', '0');
INSERT INTO `connect` VALUES ('221', '6', '26', '15', '0', '20.16');
INSERT INTO `connect` VALUES ('154', '5', '26', '2', '7', '35.57');
INSERT INTO `connect` VALUES ('274', '7', '26', '27', '0', '0');
INSERT INTO `connect` VALUES ('65', '2', '26', '21', '0', '14.87');
INSERT INTO `connect` VALUES ('379', '9', '26', '16', '0', '19.28');
INSERT INTO `connect` VALUES ('422', '10', '26', '28', '0', '0');
INSERT INTO `connect` VALUES ('151', '5', '26', '10', '0', '25.50');
INSERT INTO `connect` VALUES ('501', '11', '26', '29', '0', '0');
INSERT INTO `connect` VALUES ('220', '6', '26', '30', '0', '0');
INSERT INTO `connect` VALUES ('594', '13', '26', '8', '1', '26.30');
INSERT INTO `connect` VALUES ('272', '7', '26', '31', '0', '0');
INSERT INTO `connect` VALUES ('321', '8', '26', '4', '5', '30.73');
INSERT INTO `connect` VALUES ('378', '9', '26', '6', '3', '28.54');
INSERT INTO `connect` VALUES ('4', '1', '26', '14', '0', '21.07');
INSERT INTO `connect` VALUES ('428', '10', '26', '32', '0', '0');
INSERT INTO `connect` VALUES ('596', '13', '26', '12', '0', '23.46');
INSERT INTO `connect` VALUES ('276', '7', '26', '7', '2', '28.47');
INSERT INTO `connect` VALUES ('330', '8', '26', '35', '0', '0');
INSERT INTO `connect` VALUES ('3', '1', '26', '20', '0', '16.01');
INSERT INTO `connect` VALUES ('175', '5', '26', '23', '0', '0');
INSERT INTO `connect` VALUES ('622', '13', '36', '9', '0', '0:13:63');
INSERT INTO `connect` VALUES ('303', '7', '36', '18', '0', '0:15:29');
INSERT INTO `connect` VALUES ('107', '3', '36', '6', '3', '0:12:60');
INSERT INTO `connect` VALUES ('193', '5', '36', '26', '0', '0:29:27');
INSERT INTO `connect` VALUES ('366', '8', '36', '2', '7', '0:11:67');
INSERT INTO `connect` VALUES ('30', '1', '36', '5', '4', '0:12:54');
INSERT INTO `connect` VALUES ('453', '10', '36', '30', '0', '1:10:24');
INSERT INTO `connect` VALUES ('195', '5', '36', '3', '6', '0:12:29');
INSERT INTO `connect` VALUES ('518', '11', '36', '37', '0', '0');
INSERT INTO `connect` VALUES ('248', '6', '36', '11', '0', '0:14:28');
INSERT INTO `connect` VALUES ('465', '10', '36', '28', '0', '0:40:67');
INSERT INTO `connect` VALUES ('413', '9', '36', '31', '0', '1:14:43');
INSERT INTO `connect` VALUES ('86', '2', '36', '4', '5', '0:12:33');
INSERT INTO `connect` VALUES ('32', '1', '36', '19', '0', '0:15:87');
INSERT INTO `connect` VALUES ('368', '8', '36', '33', '0', '0');
INSERT INTO `connect` VALUES ('464', '10', '36', '32', '0', '1:58:56');
INSERT INTO `connect` VALUES ('544', '11', '36', '38', '0', '0');
INSERT INTO `connect` VALUES ('250', '6', '36', '20', '0', '0:17:12');
INSERT INTO `connect` VALUES ('196', '5', '36', '7', '2', '0:12:69');
INSERT INTO `connect` VALUES ('142', '4', '36', '35', '0', '0');
INSERT INTO `connect` VALUES ('247', '6', '36', '17', '0', '0:15:11');
INSERT INTO `connect` VALUES ('302', '7', '36', '34', '0', '0');
INSERT INTO `connect` VALUES ('452', '10', '36', '29', '0', '0:49:12');
INSERT INTO `connect` VALUES ('623', '13', '36', '8', '1', '0:13:56');
INSERT INTO `connect` VALUES ('412', '9', '36', '23', '0', '0:19:80');
INSERT INTO `connect` VALUES ('367', '8', '36', '22', '0', '0:19:40');
INSERT INTO `connect` VALUES ('249', '6', '36', '24', '0', '0:20:58');
INSERT INTO `connect` VALUES ('137', '4', '36', '27', '0', '0:29:79');
INSERT INTO `connect` VALUES ('87', '2', '36', '36', '0', '0');
INSERT INTO `connect` VALUES ('33', '1', '36', '25', '0', '0:28:06');
INSERT INTO `connect` VALUES ('194', '5', '36', '15', '0', '0:14:69');
INSERT INTO `connect` VALUES ('624', '13', '36', '13', '0', '0:14:62');
INSERT INTO `connect` VALUES ('284', '7', '36', '16', '0', '0:15:04');
INSERT INTO `connect` VALUES ('351', '8', '36', '14', '0', '0:14:65');
INSERT INTO `connect` VALUES ('516', '11', '36', '1', '9', '0:11:30');
INSERT INTO `connect` VALUES ('414', '9', '36', '39', '0', '');
INSERT INTO `connect` VALUES ('301', '7', '36', '21', '0', '0:18:80');
INSERT INTO `connect` VALUES ('625', '13', '36', '10', '0', '0:14:26');
INSERT INTO `connect` VALUES ('70', '2', '37', '3', '6', '8.90');
INSERT INTO `connect` VALUES ('203', '6', '37', '28', '0', '0');
INSERT INTO `connect` VALUES ('26', '1', '37', '1', '9', '8.82');
INSERT INTO `connect` VALUES ('278', '7', '37', '22', '0', '20.63');
INSERT INTO `connect` VALUES ('393', '9', '37', '29', '0', '0');
INSERT INTO `connect` VALUES ('394', '9', '37', '26', '0', '46.75');
INSERT INTO `connect` VALUES ('179', '5', '37', '11', '0', '10.81');
INSERT INTO `connect` VALUES ('28', '1', '37', '7', '2', '10.06');
INSERT INTO `connect` VALUES ('178', '5', '37', '21', '0', '15.09');
INSERT INTO `connect` VALUES ('598', '13', '37', '36', '0', '0');
INSERT INTO `connect` VALUES ('316', '8', '37', '6', '3', '9.73');
INSERT INTO `connect` VALUES ('555', '12', '37', '31', '0', '0');
INSERT INTO `connect` VALUES ('419', '10', '37', '20', '0', '14.89');
INSERT INTO `connect` VALUES ('507', '11', '37', '27', '0', '0');
INSERT INTO `connect` VALUES ('418', '10', '37', '35', '0', '0');
INSERT INTO `connect` VALUES ('333', '8', '37', '17', '0', '12.96');
INSERT INTO `connect` VALUES ('25', '1', '37', '4', '5', '8.92');
INSERT INTO `connect` VALUES ('600', '13', '37', '30', '0', '0');
INSERT INTO `connect` VALUES ('180', '5', '37', '16', '0', '12.68');
INSERT INTO `connect` VALUES ('332', '8', '37', '18', '0', '13.27');
INSERT INTO `connect` VALUES ('225', '6', '37', '10', '0', '10.19');
INSERT INTO `connect` VALUES ('597', '13', '37', '12', '0', '10.91');
INSERT INTO `connect` VALUES ('177', '5', '37', '9', '0', '10.14');
INSERT INTO `connect` VALUES ('506', '11', '37', '2', '7', '8.84');
INSERT INTO `connect` VALUES ('599', '13', '37', '34', '0', '0');
INSERT INTO `connect` VALUES ('280', '7', '37', '25', '0', '29.54');
INSERT INTO `connect` VALUES ('227', '6', '37', '14', '0', '11.29');
INSERT INTO `connect` VALUES ('27', '1', '37', '23', '0', '22.30');
INSERT INTO `connect` VALUES ('279', '7', '37', '13', '0', '11.16');
INSERT INTO `connect` VALUES ('226', '6', '37', '15', '0', '12.43');
INSERT INTO `connect` VALUES ('508', '11', '37', '33', '0', '0');
INSERT INTO `connect` VALUES ('120', '4', '37', '32', '0', '0');
INSERT INTO `connect` VALUES ('95', '3', '37', '19', '0', '13.80');
INSERT INTO `connect` VALUES ('71', '2', '37', '5', '4', '9.32');
INSERT INTO `connect` VALUES ('395', '9', '37', '8', '1', '10.11');
INSERT INTO `connect` VALUES ('5', '1', '41', '20', '0', '9.84');
INSERT INTO `connect` VALUES ('273', '7', '41', '24', '0', '9.19');
INSERT INTO `connect` VALUES ('174', '5', '41', '12', '0', '10.50');
INSERT INTO `connect` VALUES ('205', '6', '41', '13', '0', '10.45');
INSERT INTO `connect` VALUES ('636', '14', '41', '11', '0', '10.71');
INSERT INTO `connect` VALUES ('69', '2', '41', '7', '2', '11.34');
INSERT INTO `connect` VALUES ('504', '11', '41', '25', '0', '0');
INSERT INTO `connect` VALUES ('593', '13', '41', '3', '6', '11.96');
INSERT INTO `connect` VALUES ('168', '5', '41', '17', '0', '10.21');
INSERT INTO `connect` VALUES ('6', '1', '41', '10', '0', '10.78');
INSERT INTO `connect` VALUES ('270', '7', '41', '25', '0', '0');
INSERT INTO `connect` VALUES ('589', '13', '41', '5', '4', '11.62');
INSERT INTO `connect` VALUES ('325', '8', '41', '14', '0', '10.37');
INSERT INTO `connect` VALUES ('500', '11', '41', '25', '0', '0');
INSERT INTO `connect` VALUES ('52', '2', '41', '6', '3', '11.61');
INSERT INTO `connect` VALUES ('219', '6', '41', '25', '0', '0');
INSERT INTO `connect` VALUES ('632', '14', '41', '2', '7', '12.00');
INSERT INTO `connect` VALUES ('501', '11', '41', '18', '0', '10.19');
INSERT INTO `connect` VALUES ('326', '8', '41', '23', '0', '9.39');
INSERT INTO `connect` VALUES ('267', '7', '41', '9', '0', '10.79');
INSERT INTO `connect` VALUES ('577', '13', '41', '8', '1', '10.89');
INSERT INTO `connect` VALUES ('155', '5', '41', '4', '5', '11.82');
INSERT INTO `connect` VALUES ('8', '1', '41', '15', '0', '10.30');
INSERT INTO `connect` VALUES ('271', '7', '41', '21', '0', '9.81');
INSERT INTO `connect` VALUES ('173', '5', '41', '22', '0', '9.73');
INSERT INTO `connect` VALUES ('7', '1', '41', '18', '0', '10.19');
INSERT INTO `connect` VALUES ('389', '9', '41', '25', '0', '0');
INSERT INTO `connect` VALUES ('435', '10', '41', '25', '0', '0');
INSERT INTO `connect` VALUES ('592', '13', '41', '1', '9', '12.57');
INSERT INTO `connect` VALUES ('327', '8', '41', '16', '0', '10.29');
INSERT INTO `connect` VALUES ('80', '2', '42', '8', '1', '15.10');
INSERT INTO `connect` VALUES ('621', '13', '42', '1', '9', '24.46');
INSERT INTO `connect` VALUES ('181', '5', '42', '2', '7', '21.57');
INSERT INTO `connect` VALUES ('456', '10', '42', '12', '0', '10.64');
INSERT INTO `connect` VALUES ('365', '8', '42', '23', '0', '0');
INSERT INTO `connect` VALUES ('563', '12', '42', '23', '0', '0');
INSERT INTO `connect` VALUES ('134', '4', '42', '23', '0', '0');
INSERT INTO `connect` VALUES ('463', '10', '42', '20', '0', '07.08');
INSERT INTO `connect` VALUES ('84', '2', '42', '11', '0', '11.40');
INSERT INTO `connect` VALUES ('364', '8', '42', '21', '0', '05.09');
INSERT INTO `connect` VALUES ('542', '11', '42', '23', '0', '0');
INSERT INTO `connect` VALUES ('611', '13', '42', '10', '0', '11.77');
INSERT INTO `connect` VALUES ('102', '3', '42', '3', '6', '21.06');
INSERT INTO `connect` VALUES ('300', '7', '42', '18', '0', '07.69');
INSERT INTO `connect` VALUES ('620', '13', '42', '6', '3', '16.95');
INSERT INTO `connect` VALUES ('540', '11', '42', '19', '0', '07.64');
INSERT INTO `connect` VALUES ('480', '10', '42', '17', '0', '07.87');
INSERT INTO `connect` VALUES ('246', '6', '42', '23', '0', '0');
INSERT INTO `connect` VALUES ('295', '7', '42', '23', '0', '0');
INSERT INTO `connect` VALUES ('191', '5', '42', '9', '0', '12.59');
INSERT INTO `connect` VALUES ('106', '3', '42', '14', '0', '09.63');
INSERT INTO `connect` VALUES ('543', '11', '42', '23', '0', '0');
INSERT INTO `connect` VALUES ('467', '10', '42', '23', '0', '0');
INSERT INTO `connect` VALUES ('81', '2', '42', '23', '0', '0');
INSERT INTO `connect` VALUES ('356', '8', '42', '4', '5', '20.82');
INSERT INTO `connect` VALUES ('104', '3', '42', '7', '2', '16.23');
INSERT INTO `connect` VALUES ('601', '13', '42', '5', '4', '18.25');
INSERT INTO `connect` VALUES ('245', '6', '42', '15', '0', '08.75');
INSERT INTO `connect` VALUES ('189', '5', '42', '23', '0', '0');
INSERT INTO `connect` VALUES ('301', '7', '42', '16', '0', '08.71');
INSERT INTO `connect` VALUES ('82', '2', '42', '13', '0', '10.09');
INSERT INTO `connect` VALUES ('541', '11', '42', '22', '0', '05.05');
INSERT INTO `connect` VALUES ('361', '8', '42', '23', '0', '0');
INSERT INTO `connect` VALUES ('201', '6', '43', '5', '4', '1.56');
INSERT INTO `connect` VALUES ('499', '11', '43', '18', '0', '0');
INSERT INTO `connect` VALUES ('435', '10', '43', '11', '0', '1.47');
INSERT INTO `connect` VALUES ('267', '7', '43', '6', '2', '1.53');
INSERT INTO `connect` VALUES ('119', '4', '43', '18', '0', '0');
INSERT INTO `connect` VALUES ('164', '5', '43', '11', '0', '1.47');
INSERT INTO `connect` VALUES ('371', '9', '43', '18', '0', '0');
INSERT INTO `connect` VALUES ('160', '5', '43', '8', '0', '1.50');
INSERT INTO `connect` VALUES ('432', '10', '43', '6', '2', '1.53');
INSERT INTO `connect` VALUES ('369', '9', '43', '18', '0', '0');
INSERT INTO `connect` VALUES ('589', '13', '43', '1', '9', '1.74');
INSERT INTO `connect` VALUES ('215', '6', '43', '11', '0', '1.47');
INSERT INTO `connect` VALUES ('117', '4', '43', '18', '0', '0');
INSERT INTO `connect` VALUES ('313', '8', '43', '2', '7', '1.71');
INSERT INTO `connect` VALUES ('590', '13', '43', '10', '0', '1.50');
INSERT INTO `connect` VALUES ('370', '9', '43', '18', '0', '0');
INSERT INTO `connect` VALUES ('165', '5', '43', '11', '0', '1.47');
INSERT INTO `connect` VALUES ('438', '10', '43', '11', '0', '1.47');
INSERT INTO `connect` VALUES ('51', '2', '43', '11', '0', '1.47');
INSERT INTO `connect` VALUES ('1', '1', '43', '3', '6', '1.65');
INSERT INTO `connect` VALUES ('637', '14', '43', '18', '0', '0');
INSERT INTO `connect` VALUES ('434', '10', '43', '4', '5', '1.56');
INSERT INTO `connect` VALUES ('163', '5', '43', '11', '0', '1.47');
INSERT INTO `connect` VALUES ('254', '7', '43', '8', '0', '1.50');
INSERT INTO `connect` VALUES ('490', '11', '43', '26', '0', '0');
INSERT INTO `connect` VALUES ('591', '13', '43', '26', '0', '0');
INSERT INTO `connect` VALUES ('324', '8', '43', '26', '0', '0');
INSERT INTO `connect` VALUES ('405', '9', '46', '11', '0', '0');
INSERT INTO `connect` VALUES ('615', '13', '46', '3', '6', '14 04 4');
INSERT INTO `connect` VALUES ('341', '8', '46', '12', '0', '0');
INSERT INTO `connect` VALUES ('532', '11', '46', '13', '0', '0');
INSERT INTO `connect` VALUES ('79', '2', '46', '14', '0', '0');
INSERT INTO `connect` VALUES ('460', '10', '46', '15', '0', '0');
INSERT INTO `connect` VALUES ('38', '1', '46', '4', '5', '14 20 7');
INSERT INTO `connect` VALUES ('352', '8', '46', '16', '0', '0');
INSERT INTO `connect` VALUES ('529', '11', '46', '5', '4', '14 27 1');
INSERT INTO `connect` VALUES ('612', '13', '46', '17', '0', '0');
INSERT INTO `connect` VALUES ('406', '9', '46', '18', '0', '0');
INSERT INTO `connect` VALUES ('186', '5', '46', '7', '2', '14 32 5');
INSERT INTO `connect` VALUES ('135', '4', '46', '9', '0', '14 40 0');
INSERT INTO `connect` VALUES ('239', '6', '46', '19', '0', '0');
INSERT INTO `connect` VALUES ('614', '13', '46', '8', '1', '14 36 2');
INSERT INTO `connect` VALUES ('354', '8', '46', '20', '0', '0');
INSERT INTO `connect` VALUES ('531', '11', '46', '21', '0', '0');
INSERT INTO `connect` VALUES ('283', '7', '46', '1', '9', '13 34 5');
INSERT INTO `connect` VALUES ('242', '6', '46', '22', '0', '0');
INSERT INTO `connect` VALUES ('185', '5', '46', '2', '7', '13 36 1');
INSERT INTO `connect` VALUES ('530', '11', '46', '23', '0', '0');
INSERT INTO `connect` VALUES ('407', '9', '46', '24', '0', '0');
INSERT INTO `connect` VALUES ('136', '4', '46', '25', '0', '0');
INSERT INTO `connect` VALUES ('353', '8', '46', '26', '0', '0');
INSERT INTO `connect` VALUES ('613', '13', '46', '6', '3', '14 27 6');
INSERT INTO `connect` VALUES ('294', '7', '46', '10', '0', '15 12 0');
INSERT INTO `connect` VALUES ('63', '2', '51', '9', '0', '0');
INSERT INTO `connect` VALUES ('554', '12', '51', '9', '0', '0');
INSERT INTO `connect` VALUES ('93', '3', '51', '9', '0', '0');
INSERT INTO `connect` VALUES ('202', '6', '51', '2', '7', '19 28 46');
INSERT INTO `connect` VALUES ('115', '4', '51', '9', '0', '0');
INSERT INTO `connect` VALUES ('587', '13', '51', '3', '6', '19 32 40');
INSERT INTO `connect` VALUES ('498', '11', '51', '9', '0', '0');
INSERT INTO `connect` VALUES ('18', '1', '51', '9', '0', '0');
INSERT INTO `connect` VALUES ('158', '5', '51', '1', '9', '19 07 75');
INSERT INTO `connect` VALUES ('322', '8', '51', '9', '0', '0');
INSERT INTO `connect` VALUES ('420', '10', '51', '9', '0', '0');
INSERT INTO `connect` VALUES ('495', '11', '51', '9', '0', '0');
INSERT INTO `connect` VALUES ('634', '14', '51', '9', '0', '0');
INSERT INTO `connect` VALUES ('61', '2', '51', '4', '5', '19 41 53');
INSERT INTO `connect` VALUES ('373', '9', '51', '9', '0', '0');
INSERT INTO `connect` VALUES ('112', '4', '51', '9', '0', '0');
INSERT INTO `connect` VALUES ('88', '3', '51', '9', '0', '0');
INSERT INTO `connect` VALUES ('586', '13', '51', '7', '2', '19 55 30');
INSERT INTO `connect` VALUES ('212', '6', '51', '9', '0', '0');
INSERT INTO `connect` VALUES ('266', '7', '51', '9', '0', '0');
INSERT INTO `connect` VALUES ('22', '1', '51', '9', '0', '0');
INSERT INTO `connect` VALUES ('116', '4', '51', '9', '0', '0');
INSERT INTO `connect` VALUES ('423', '10', '51', '9', '0', '0');
INSERT INTO `connect` VALUES ('377', '9', '51', '9', '0', '0');
INSERT INTO `connect` VALUES ('323', '8', '51', '9', '0', '0');
INSERT INTO `connect` VALUES ('159', '5', '51', '9', '0', '0');
INSERT INTO `connect` VALUES ('496', '11', '51', '9', '0', '0');
INSERT INTO `connect` VALUES ('421', '10', '51', '9', '0', '0');
INSERT INTO `connect` VALUES ('62', '2', '51', '5', '4', '19 48 70');
INSERT INTO `connect` VALUES ('635', '14', '51', '9', '0', '0');
INSERT INTO `connect` VALUES ('21', '1', '51', '9', '0', '0');
INSERT INTO `connect` VALUES ('214', '6', '51', '9', '0', '0');
INSERT INTO `connect` VALUES ('588', '13', '51', '9', '0', '0');
INSERT INTO `connect` VALUES ('265', '7', '51', '9', '0', '0');
INSERT INTO `connect` VALUES ('376', '9', '51', '9', '0', '0');
INSERT INTO `connect` VALUES ('628', '14', '51', '9', '0', '0');
INSERT INTO `connect` VALUES ('321', '8', '51', '8', '1', '19 55 40');
INSERT INTO `connect` VALUES ('152', '5', '51', '9', '0', '0');
INSERT INTO `connect` VALUES ('64', '2', '51', '9', '0', '0');
INSERT INTO `connect` VALUES ('439', '10', '51', '9', '0', '0');
INSERT INTO `connect` VALUES ('497', '11', '51', '9', '0', '0');
INSERT INTO `connect` VALUES ('161', '5', '51', '9', '0', '0');
INSERT INTO `connect` VALUES ('320', '8', '51', '6', '3', '19 55 20');
INSERT INTO `connect` VALUES ('374', '9', '51', '9', '0', '0');
INSERT INTO `connect` VALUES ('258', '7', '51', '9', '0', '0');
INSERT INTO `connect` VALUES ('626', '14', '51', '9', '0', '0');
INSERT INTO `connect` VALUES ('617', '13', '53', '13', '0', '7.01');
INSERT INTO `connect` VALUES ('361', '8', '53', '14', '0', '0');
INSERT INTO `connect` VALUES ('533', '11', '53', '9', '0', '7.68');
INSERT INTO `connect` VALUES ('563', '12', '53', '12', '0', '7.44');
INSERT INTO `connect` VALUES ('351', '8', '53', '14', '0', '0');
INSERT INTO `connect` VALUES ('618', '13', '53', '6', '3', '8.05');
INSERT INTO `connect` VALUES ('479', '10', '53', '8', '1', '7.87');
INSERT INTO `connect` VALUES ('403', '9', '53', '3', '6', '8.77');
INSERT INTO `connect` VALUES ('616', '13', '53', '11', '0', '7.55');
INSERT INTO `connect` VALUES ('362', '8', '53', '14', '0', '0');
INSERT INTO `connect` VALUES ('537', '11', '53', '14', '0', '0');
INSERT INTO `connect` VALUES ('228', '6', '53', '1', '9', '9.04');
INSERT INTO `connect` VALUES ('134', '4', '53', '14', '0', '0');
INSERT INTO `connect` VALUES ('535', '11', '53', '7', '2', '7.97');
INSERT INTO `connect` VALUES ('244', '6', '53', '10', '0', '7.56');
INSERT INTO `connect` VALUES ('619', '13', '53', '2', '7', '8.80');
INSERT INTO `connect` VALUES ('297', '7', '53', '5', '4', '8.33');
INSERT INTO `connect` VALUES ('404', '9', '53', '4', '5', '8.71');
INSERT INTO `connect` VALUES ('363', '8', '53', '14', '0', '0');
INSERT INTO `connect` VALUES ('143', '4', '1', null, null, '');
INSERT INTO `connect` VALUES ('234', '6', '1', null, null, '');
INSERT INTO `connect` VALUES ('97', '3', '1', null, null, '');
INSERT INTO `connect` VALUES ('35', '1', '1', null, null, '');
INSERT INTO `connect` VALUES ('569', '12', '1', null, null, '');
INSERT INTO `connect` VALUES ('605', '13', '1', null, null, '');
INSERT INTO `connect` VALUES ('518', '11', '1', null, null, '');
INSERT INTO `connect` VALUES ('72', '2', '1', null, null, '');
INSERT INTO `connect` VALUES ('182', '5', '1', '0', '0', '');
INSERT INTO `connect` VALUES ('127', '4', '1', null, null, '');
INSERT INTO `connect` VALUES ('231', '6', '1', null, null, '');
INSERT INTO `connect` VALUES ('281', '7', '1', null, null, '');
INSERT INTO `connect` VALUES ('337', '8', '1', null, null, '');
INSERT INTO `connect` VALUES ('396', '9', '1', null, null, '');
INSERT INTO `connect` VALUES ('450', '10', '1', null, null, '');
INSERT INTO `connect` VALUES ('130', '4', '1', null, null, '');
INSERT INTO `connect` VALUES ('74', '2', '1', null, null, '');
INSERT INTO `connect` VALUES ('183', '5', '1', null, null, '');
INSERT INTO `connect` VALUES ('36', '1', '1', null, null, '');
INSERT INTO `connect` VALUES ('564', '12', '1', null, null, '');
INSERT INTO `connect` VALUES ('604', '13', '1', null, null, '');
INSERT INTO `connect` VALUES ('517', '11', '1', null, null, '');
INSERT INTO `connect` VALUES ('399', '9', '1', null, null, '');
INSERT INTO `connect` VALUES ('232', '6', '1', null, null, '');
INSERT INTO `connect` VALUES ('282', '7', '1', null, null, '');
INSERT INTO `connect` VALUES ('338', '8', '1', null, null, '');
INSERT INTO `connect` VALUES ('73', '2', '1', null, null, '');
INSERT INTO `connect` VALUES ('128', '4', '1', null, null, '');
INSERT INTO `connect` VALUES ('187', '5', '1', null, null, '');
INSERT INTO `connect` VALUES ('451', '10', '1', null, null, '');
INSERT INTO `connect` VALUES ('601', '13', '1', null, null, '');
INSERT INTO `connect` VALUES ('562', '12', '1', null, null, '');
INSERT INTO `connect` VALUES ('603', '13', '1', null, null, '');
INSERT INTO `connect` VALUES ('516', '11', '1', null, null, '');
INSERT INTO `connect` VALUES ('472', '10', '1', null, null, '');
INSERT INTO `connect` VALUES ('398', '9', '1', null, null, '');
INSERT INTO `connect` VALUES ('286', '7', '1', null, null, '');
INSERT INTO `connect` VALUES ('340', '8', '1', null, null, '');
INSERT INTO `connect` VALUES ('284', '7', '1', null, null, '');
INSERT INTO `connect` VALUES ('233', '6', '1', null, null, '');
INSERT INTO `connect` VALUES ('397', '9', '1', null, null, '');
INSERT INTO `connect` VALUES ('339', '8', '1', null, null, '');
INSERT INTO `connect` VALUES ('459', '10', '1', null, null, '');
INSERT INTO `connect` VALUES ('515', '11', '1', null, null, '');
INSERT INTO `connect` VALUES ('75', '2', '1', null, null, '');
INSERT INTO `connect` VALUES ('310', '8', '2', null, null, '');
INSERT INTO `connect` VALUES ('575', '13', '2', null, null, '');
INSERT INTO `connect` VALUES ('386', '9', '2', null, null, '');
INSERT INTO `connect` VALUES ('118', '4', '2', null, null, '');
INSERT INTO `connect` VALUES ('60', '2', '2', '0', '0', '');
INSERT INTO `connect` VALUES ('15', '1', '2', null, null, '');
INSERT INTO `connect` VALUES ('627', '14', '2', null, null, '');
INSERT INTO `connect` VALUES ('92', '3', '2', null, null, '');
INSERT INTO `connect` VALUES ('10', '1', '2', null, null, '');
INSERT INTO `connect` VALUES ('50', '2', '2', null, null, '');
INSERT INTO `connect` VALUES ('113', '4', '2', null, null, '');
INSERT INTO `connect` VALUES ('198', '6', '2', '0', '0', '');
INSERT INTO `connect` VALUES ('253', '7', '2', null, null, '');
INSERT INTO `connect` VALUES ('311', '8', '2', null, null, '');
INSERT INTO `connect` VALUES ('417', '10', '2', null, null, '');
INSERT INTO `connect` VALUES ('492', '11', '2', null, null, '');
INSERT INTO `connect` VALUES ('259', '7', '2', null, null, '');
INSERT INTO `connect` VALUES ('203', '6', '2', null, null, '');
INSERT INTO `connect` VALUES ('51', '2', '2', null, null, '');
INSERT INTO `connect` VALUES ('12', '1', '2', null, null, '');
INSERT INTO `connect` VALUES ('115', '4', '2', null, null, '');
INSERT INTO `connect` VALUES ('633', '14', '2', null, null, '');
INSERT INTO `connect` VALUES ('88', '3', '2', null, null, '');
INSERT INTO `connect` VALUES ('114', '4', '2', null, null, '');
INSERT INTO `connect` VALUES ('11', '1', '2', null, null, '');
INSERT INTO `connect` VALUES ('425', '10', '2', null, null, '');
INSERT INTO `connect` VALUES ('493', '11', '2', null, null, '');
INSERT INTO `connect` VALUES ('200', '6', '2', null, null, '');
INSERT INTO `connect` VALUES ('552', '12', '2', null, null, '');
INSERT INTO `connect` VALUES ('573', '13', '2', null, null, '');
INSERT INTO `connect` VALUES ('149', '5', '2', null, null, '');
INSERT INTO `connect` VALUES ('388', '9', '2', null, null, '');
INSERT INTO `connect` VALUES ('490', '11', '2', '0', '0', '');
INSERT INTO `connect` VALUES ('52', '2', '2', null, null, '');
INSERT INTO `connect` VALUES ('309', '8', '2', null, null, '');
INSERT INTO `connect` VALUES ('255', '7', '2', null, null, '');
INSERT INTO `connect` VALUES ('559', '12', '2', null, null, '');
INSERT INTO `connect` VALUES ('431', '10', '2', null, null, '');
INSERT INTO `connect` VALUES ('494', '11', '2', null, null, '');
INSERT INTO `connect` VALUES ('555', '12', '2', null, null, '');
INSERT INTO `connect` VALUES ('574', '13', '2', null, null, '');
INSERT INTO `connect` VALUES ('369', '9', '2', null, null, '');
INSERT INTO `connect` VALUES ('146', '5', '2', null, null, '');
INSERT INTO `connect` VALUES ('307', '8', '2', null, null, '');
INSERT INTO `connect` VALUES ('387', '9', '2', null, null, '');
INSERT INTO `connect` VALUES ('148', '5', '2', null, null, '');
INSERT INTO `connect` VALUES ('577', '13', '2', null, null, '');
INSERT INTO `connect` VALUES ('556', '12', '2', null, null, '');
INSERT INTO `connect` VALUES ('433', '10', '2', null, null, '');
INSERT INTO `connect` VALUES ('204', '6', '2', null, null, '');
INSERT INTO `connect` VALUES ('262', '7', '2', null, null, '');
INSERT INTO `connect` VALUES ('577', '13', '12', null, null, '');
INSERT INTO `connect` VALUES ('2', '1', '12', null, null, '');
INSERT INTO `connect` VALUES ('1', '1', '12', null, null, '');
INSERT INTO `connect` VALUES ('585', '13', '12', null, null, '');
INSERT INTO `connect` VALUES ('372', '9', '12', null, null, '');
INSERT INTO `connect` VALUES ('156', '5', '12', null, null, '');
INSERT INTO `connect` VALUES ('308', '8', '12', null, null, '');
INSERT INTO `connect` VALUES ('202', '6', '12', null, null, '');
INSERT INTO `connect` VALUES ('68', '2', '12', null, null, '');
INSERT INTO `connect` VALUES ('576', '13', '12', null, null, '');
INSERT INTO `connect` VALUES ('307', '8', '12', null, null, '');
INSERT INTO `connect` VALUES ('201', '6', '12', null, null, '');
INSERT INTO `connect` VALUES ('255', '7', '12', null, null, '');
INSERT INTO `connect` VALUES ('171', '5', '12', null, null, '');
INSERT INTO `connect` VALUES ('261', '7', '12', null, null, '');
INSERT INTO `connect` VALUES ('574', '13', '12', null, null, '');
INSERT INTO `connect` VALUES ('490', '11', '12', '0', '0', '');
INSERT INTO `connect` VALUES ('213', '6', '12', null, null, '');
INSERT INTO `connect` VALUES ('309', '8', '12', null, null, '');
INSERT INTO `connect` VALUES ('52', '2', '12', null, null, '');
INSERT INTO `connect` VALUES ('7', '1', '12', null, null, '');
INSERT INTO `connect` VALUES ('139', '4', '15', null, null, '');
INSERT INTO `connect` VALUES ('638', '14', '15', null, null, '');
INSERT INTO `connect` VALUES ('80', '2', '15', null, null, '');
INSERT INTO `connect` VALUES ('230', '6', '15', null, null, '');
INSERT INTO `connect` VALUES ('192', '5', '15', null, null, '');
INSERT INTO `connect` VALUES ('466', '10', '15', null, null, '');
INSERT INTO `connect` VALUES ('568', '12', '15', null, null, '');
INSERT INTO `connect` VALUES ('76', '2', '15', null, null, '');
INSERT INTO `connect` VALUES ('237', '6', '15', null, null, '');
INSERT INTO `connect` VALUES ('285', '7', '15', null, null, '');
INSERT INTO `connect` VALUES ('607', '13', '15', null, null, '');
INSERT INTO `connect` VALUES ('29', '1', '15', null, null, '');
INSERT INTO `connect` VALUES ('99', '3', '15', null, null, '');
INSERT INTO `connect` VALUES ('343', '8', '15', null, null, '');
INSERT INTO `connect` VALUES ('449', '10', '15', null, null, '');
INSERT INTO `connect` VALUES ('570', '12', '15', null, null, '');
INSERT INTO `connect` VALUES ('345', '8', '15', null, null, '');
INSERT INTO `connect` VALUES ('101', '3', '15', null, null, '');
INSERT INTO `connect` VALUES ('281', '7', '15', null, null, '');
INSERT INTO `connect` VALUES ('40', '1', '15', null, null, '');
INSERT INTO `connect` VALUES ('606', '13', '15', null, null, '');
INSERT INTO `connect` VALUES ('238', '6', '15', null, null, '');
INSERT INTO `connect` VALUES ('77', '2', '15', null, null, '');
INSERT INTO `connect` VALUES ('602', '13', '15', '0', '0', '');
INSERT INTO `connect` VALUES ('290', '7', '15', null, null, '');
INSERT INTO `connect` VALUES ('100', '3', '15', '0', '0', '');
INSERT INTO `connect` VALUES ('344', '8', '15', null, null, '');
INSERT INTO `connect` VALUES ('31', '1', '15', null, null, '');
INSERT INTO `connect` VALUES ('566', '12', '15', null, null, '');
INSERT INTO `connect` VALUES ('604', '13', '15', null, null, '');
INSERT INTO `connect` VALUES ('235', '6', '15', null, null, '');
INSERT INTO `connect` VALUES ('82', '2', '15', null, null, '');
INSERT INTO `connect` VALUES ('411', '9', '15', null, null, '');
INSERT INTO `connect` VALUES ('288', '7', '15', null, null, '');
INSERT INTO `connect` VALUES ('523', '11', '15', null, null, '');
INSERT INTO `connect` VALUES ('315', '8', '16', null, null, '');
INSERT INTO `connect` VALUES ('636', '14', '16', null, null, '');
INSERT INTO `connect` VALUES ('385', '9', '16', null, null, '');
INSERT INTO `connect` VALUES ('172', '5', '16', null, null, '');
INSERT INTO `connect` VALUES ('58', '2', '16', null, null, '');
INSERT INTO `connect` VALUES ('493', '11', '16', null, null, '');
INSERT INTO `connect` VALUES ('121', '4', '16', null, null, '');
INSERT INTO `connect` VALUES ('55', '2', '16', null, null, '');
INSERT INTO `connect` VALUES ('153', '5', '16', null, null, '');
INSERT INTO `connect` VALUES ('256', '7', '16', null, null, '');
INSERT INTO `connect` VALUES ('199', '6', '16', null, null, '');
INSERT INTO `connect` VALUES ('578', '13', '16', null, null, '');
INSERT INTO `connect` VALUES ('375', '9', '16', null, null, '');
INSERT INTO `connect` VALUES ('314', '8', '16', null, null, '');
INSERT INTO `connect` VALUES ('257', '7', '16', null, null, '');
INSERT INTO `connect` VALUES ('579', '13', '16', null, null, '');
INSERT INTO `connect` VALUES ('157', '5', '16', null, null, '');
INSERT INTO `connect` VALUES ('57', '2', '16', null, null, '');
INSERT INTO `connect` VALUES ('207', '6', '16', null, null, '');
INSERT INTO `connect` VALUES ('17', '1', '16', null, null, '');
INSERT INTO `connect` VALUES ('437', '10', '16', null, null, '');
INSERT INTO `connect` VALUES ('147', '5', '16', null, null, '');
INSERT INTO `connect` VALUES ('56', '2', '16', null, null, '');
INSERT INTO `connect` VALUES ('581', '13', '16', null, null, '');
INSERT INTO `connect` VALUES ('384', '9', '16', null, null, '');
INSERT INTO `connect` VALUES ('253', '7', '16', null, null, '');
INSERT INTO `connect` VALUES ('198', '6', '16', '0', '0', '');
INSERT INTO `connect` VALUES ('91', '3', '16', null, null, '');
INSERT INTO `connect` VALUES ('631', '14', '16', null, null, '');
INSERT INTO `connect` VALUES ('90', '3', '16', null, null, '');
INSERT INTO `connect` VALUES ('316', '8', '16', null, null, '');
INSERT INTO `connect` VALUES ('260', '7', '16', null, null, '');
INSERT INTO `connect` VALUES ('386', '9', '16', null, null, '');
INSERT INTO `connect` VALUES ('580', '13', '16', null, null, '');
INSERT INTO `connect` VALUES ('208', '6', '16', null, null, '');
INSERT INTO `connect` VALUES ('34', '1', '28', null, null, '');
INSERT INTO `connect` VALUES ('399', '9', '28', null, null, '');
INSERT INTO `connect` VALUES ('340', '8', '28', null, null, '');
INSERT INTO `connect` VALUES ('281', '7', '28', null, null, '');
INSERT INTO `connect` VALUES ('234', '6', '28', null, null, '');
INSERT INTO `connect` VALUES ('184', '5', '28', null, null, '');
INSERT INTO `connect` VALUES ('127', '4', '28', null, null, '');
INSERT INTO `connect` VALUES ('75', '2', '28', null, null, '');
INSERT INTO `connect` VALUES ('78', '2', '28', null, null, '');
INSERT INTO `connect` VALUES ('131', '4', '28', null, null, '');
INSERT INTO `connect` VALUES ('37', '1', '28', null, null, '');
INSERT INTO `connect` VALUES ('230', '6', '28', null, null, '');
INSERT INTO `connect` VALUES ('400', '9', '28', '0', '0', '');
INSERT INTO `connect` VALUES ('341', '8', '28', null, null, '');
INSERT INTO `connect` VALUES ('519', '11', '28', null, null, '');
INSERT INTO `connect` VALUES ('603', '13', '28', null, null, '');
INSERT INTO `connect` VALUES ('338', '8', '28', null, null, '');
INSERT INTO `connect` VALUES ('73', '2', '28', null, null, '');
INSERT INTO `connect` VALUES ('183', '5', '28', null, null, '');
INSERT INTO `connect` VALUES ('522', '11', '28', null, null, '');
INSERT INTO `connect` VALUES ('289', '7', '28', null, null, '');
INSERT INTO `connect` VALUES ('236', '6', '28', null, null, '');
INSERT INTO `connect` VALUES ('132', '4', '28', null, null, '');
INSERT INTO `connect` VALUES ('235', '6', '28', null, null, '');
INSERT INTO `connect` VALUES ('288', '7', '28', null, null, '');
INSERT INTO `connect` VALUES ('342', '8', '28', null, null, '');
INSERT INTO `connect` VALUES ('602', '13', '28', '0', '0', '');
INSERT INTO `connect` VALUES ('520', '11', '28', null, null, '');
INSERT INTO `connect` VALUES ('72', '2', '28', null, null, '');
INSERT INTO `connect` VALUES ('182', '5', '28', '0', '0', '');
INSERT INTO `connect` VALUES ('521', '11', '28', null, null, '');
INSERT INTO `connect` VALUES ('606', '13', '28', null, null, '');
INSERT INTO `connect` VALUES ('139', '4', '28', null, null, '');
INSERT INTO `connect` VALUES ('568', '12', '28', null, null, '');
INSERT INTO `connect` VALUES ('97', '3', '28', null, null, '');
INSERT INTO `connect` VALUES ('474', '10', '28', null, null, '');
INSERT INTO `connect` VALUES ('398', '9', '28', null, null, '');
INSERT INTO `connect` VALUES ('35', '1', '28', null, null, '');
INSERT INTO `connect` VALUES ('98', '3', '28', null, null, '');
INSERT INTO `connect` VALUES ('475', '10', '28', null, null, '');
INSERT INTO `connect` VALUES ('188', '5', '28', null, null, '');
INSERT INTO `connect` VALUES ('605', '13', '28', null, null, '');
INSERT INTO `connect` VALUES ('287', '7', '28', null, null, '');
INSERT INTO `connect` VALUES ('573', '13', '29', null, null, '');
INSERT INTO `connect` VALUES ('206', '6', '29', null, null, '');
INSERT INTO `connect` VALUES ('147', '5', '29', null, null, '');
INSERT INTO `connect` VALUES ('54', '2', '29', null, null, '');
INSERT INTO `connect` VALUES ('16', '1', '29', null, null, '');
INSERT INTO `connect` VALUES ('633', '14', '29', null, null, '');
INSERT INTO `connect` VALUES ('425', '10', '29', null, null, '');
INSERT INTO `connect` VALUES ('491', '11', '29', null, null, '');
INSERT INTO `connect` VALUES ('13', '1', '29', null, null, '');
INSERT INTO `connect` VALUES ('53', '2', '29', null, null, '');
INSERT INTO `connect` VALUES ('205', '6', '29', null, null, '');
INSERT INTO `connect` VALUES ('254', '7', '29', '0', '0', '');
INSERT INTO `connect` VALUES ('312', '8', '29', null, null, '');
INSERT INTO `connect` VALUES ('576', '13', '29', null, null, '');
INSERT INTO `connect` VALUES ('146', '5', '29', null, null, '');
INSERT INTO `connect` VALUES ('384', '9', '29', null, null, '');
INSERT INTO `connect` VALUES ('115', '4', '29', null, null, '');
INSERT INTO `connect` VALUES ('258', '7', '29', null, null, '');
INSERT INTO `connect` VALUES ('14', '1', '29', null, null, '');
INSERT INTO `connect` VALUES ('90', '3', '29', null, null, '');
INSERT INTO `connect` VALUES ('386', '9', '29', null, null, '');
INSERT INTO `connect` VALUES ('307', '8', '29', null, null, '');
INSERT INTO `connect` VALUES ('575', '13', '29', null, null, '');
INSERT INTO `connect` VALUES ('149', '5', '29', null, null, '');
INSERT INTO `connect` VALUES ('313', '8', '29', null, null, '');
INSERT INTO `connect` VALUES ('10', '1', '29', null, null, '');
INSERT INTO `connect` VALUES ('50', '2', '29', null, null, '');
INSERT INTO `connect` VALUES ('198', '6', '29', '0', '0', '');
INSERT INTO `connect` VALUES ('253', '7', '29', null, null, '');
INSERT INTO `connect` VALUES ('148', '5', '29', null, null, '');
INSERT INTO `connect` VALUES ('385', '9', '29', null, null, '');
INSERT INTO `connect` VALUES ('89', '3', '29', null, null, '');
INSERT INTO `connect` VALUES ('114', '4', '29', null, null, '');
INSERT INTO `connect` VALUES ('574', '13', '29', null, null, '');
INSERT INTO `connect` VALUES ('311', '8', '29', null, null, '');
INSERT INTO `connect` VALUES ('200', '6', '29', null, null, '');
INSERT INTO `connect` VALUES ('51', '2', '29', null, null, '');
INSERT INTO `connect` VALUES ('263', '7', '29', null, null, '');
INSERT INTO `connect` VALUES ('462', '10', '30', null, null, '');
INSERT INTO `connect` VALUES ('81', '2', '30', null, null, '');
INSERT INTO `connect` VALUES ('348', '8', '30', null, null, '');
INSERT INTO `connect` VALUES ('197', '5', '30', null, null, '');
INSERT INTO `connect` VALUES ('135', '4', '30', null, null, '');
INSERT INTO `connect` VALUES ('526', '11', '30', null, null, '');
INSERT INTO `connect` VALUES ('241', '6', '30', null, null, '');
INSERT INTO `connect` VALUES ('346', '8', '30', null, null, '');
INSERT INTO `connect` VALUES ('283', '7', '30', null, null, '');
INSERT INTO `connect` VALUES ('456', '10', '30', null, null, '');
INSERT INTO `connect` VALUES ('608', '13', '30', null, null, '');
INSERT INTO `connect` VALUES ('76', '2', '30', null, null, '');
INSERT INTO `connect` VALUES ('41', '1', '30', null, null, '');
INSERT INTO `connect` VALUES ('524', '11', '30', null, null, '');
INSERT INTO `connect` VALUES ('133', '4', '30', null, null, '');
INSERT INTO `connect` VALUES ('525', '11', '30', null, null, '');
INSERT INTO `connect` VALUES ('240', '6', '30', null, null, '');
INSERT INTO `connect` VALUES ('43', '1', '30', null, null, '');
INSERT INTO `connect` VALUES ('282', '7', '30', null, null, '');
INSERT INTO `connect` VALUES ('82', '2', '30', null, null, '');
INSERT INTO `connect` VALUES ('611', '13', '30', null, null, '');
INSERT INTO `connect` VALUES ('347', '8', '30', null, null, '');
INSERT INTO `connect` VALUES ('292', '7', '30', null, null, '');
INSERT INTO `connect` VALUES ('457', '10', '30', null, null, '');
INSERT INTO `connect` VALUES ('239', '6', '30', null, null, '');
INSERT INTO `connect` VALUES ('80', '2', '30', null, null, '');
INSERT INTO `connect` VALUES ('42', '1', '30', null, null, '');
INSERT INTO `connect` VALUES ('610', '13', '30', null, null, '');
INSERT INTO `connect` VALUES ('349', '8', '30', null, null, '');
INSERT INTO `connect` VALUES ('609', '13', '30', null, null, '');
INSERT INTO `connect` VALUES ('473', '10', '30', null, null, '');
INSERT INTO `connect` VALUES ('291', '7', '30', null, null, '');
INSERT INTO `connect` VALUES ('410', '9', '30', null, null, '');
INSERT INTO `connect` VALUES ('553', '12', '31', null, null, '');
INSERT INTO `connect` VALUES ('23', '1', '31', null, null, '');
INSERT INTO `connect` VALUES ('436', '10', '31', null, null, '');
INSERT INTO `connect` VALUES ('319', '8', '31', null, null, '');
INSERT INTO `connect` VALUES ('211', '6', '31', null, null, '');
INSERT INTO `connect` VALUES ('176', '5', '31', null, null, '');
INSERT INTO `connect` VALUES ('377', '9', '31', null, null, '');
INSERT INTO `connect` VALUES ('169', '5', '31', null, null, '');
INSERT INTO `connect` VALUES ('59', '2', '31', null, null, '');
INSERT INTO `connect` VALUES ('209', '6', '31', null, null, '');
INSERT INTO `connect` VALUES ('423', '10', '31', null, null, '');
INSERT INTO `connect` VALUES ('317', '8', '31', null, null, '');
INSERT INTO `connect` VALUES ('582', '13', '31', null, null, '');
INSERT INTO `connect` VALUES ('264', '7', '31', null, null, '');
INSERT INTO `connect` VALUES ('584', '13', '31', null, null, '');
INSERT INTO `connect` VALUES ('427', '10', '31', null, null, '');
INSERT INTO `connect` VALUES ('55', '2', '31', null, null, '');
INSERT INTO `connect` VALUES ('210', '6', '31', null, null, '');
INSERT INTO `connect` VALUES ('170', '5', '31', null, null, '');
INSERT INTO `connect` VALUES ('318', '8', '31', null, null, '');
INSERT INTO `connect` VALUES ('90', '3', '31', null, null, '');
INSERT INTO `connect` VALUES ('199', '6', '31', null, null, '');
INSERT INTO `connect` VALUES ('157', '5', '31', null, null, '');
INSERT INTO `connect` VALUES ('583', '13', '31', null, null, '');
INSERT INTO `connect` VALUES ('57', '2', '31', null, null, '');
INSERT INTO `connect` VALUES ('437', '10', '31', null, null, '');
INSERT INTO `connect` VALUES ('256', '7', '31', null, null, '');
INSERT INTO `connect` VALUES ('314', '8', '31', null, null, '');
INSERT INTO `connect` VALUES ('558', '12', '31', null, null, '');
INSERT INTO `connect` VALUES ('91', '3', '31', null, null, '');
INSERT INTO `connect` VALUES ('24', '1', '31', null, null, '');
INSERT INTO `connect` VALUES ('257', '7', '31', null, null, '');
INSERT INTO `connect` VALUES ('56', '2', '31', null, null, '');
INSERT INTO `connect` VALUES ('585', '13', '31', null, null, '');
INSERT INTO `connect` VALUES ('639', '7', '37', '24', '0', '29.31');
INSERT INTO `connect` VALUES ('650', '11', '7', null, null, '');
INSERT INTO `connect` VALUES ('649', '10', '7', null, null, '');
INSERT INTO `connect` VALUES ('646', '7', '7', null, null, '');
INSERT INTO `connect` VALUES ('648', '9', '7', null, null, '');
INSERT INTO `connect` VALUES ('643', '4', '7', null, null, '');
INSERT INTO `connect` VALUES ('640', '1', '7', null, null, '');
INSERT INTO `connect` VALUES ('641', '2', '7', null, null, '');
INSERT INTO `connect` VALUES ('647', '8', '7', null, null, '');
INSERT INTO `connect` VALUES ('645', '6', '7', null, null, '');
INSERT INTO `connect` VALUES ('652', '13', '7', null, null, '');
INSERT INTO `connect` VALUES ('643', '4', '8', null, null, '');
INSERT INTO `connect` VALUES ('641', '2', '8', null, null, '');
INSERT INTO `connect` VALUES ('640', '1', '8', null, null, '');
INSERT INTO `connect` VALUES ('651', '12', '8', null, null, '');
INSERT INTO `connect` VALUES ('650', '11', '8', null, null, '');
INSERT INTO `connect` VALUES ('649', '10', '8', null, null, '');
INSERT INTO `connect` VALUES ('647', '8', '8', null, null, '');
INSERT INTO `connect` VALUES ('644', '5', '8', null, null, '');
INSERT INTO `connect` VALUES ('645', '6', '8', null, null, '');
INSERT INTO `connect` VALUES ('646', '7', '8', null, null, '');
INSERT INTO `connect` VALUES ('648', '9', '8', null, null, '');
INSERT INTO `connect` VALUES ('652', '13', '8', null, null, '');
INSERT INTO `connect` VALUES ('642', '3', '9', '7', '4', '34');
INSERT INTO `connect` VALUES ('644', '5', '9', '2', '14', '50');
INSERT INTO `connect` VALUES ('641', '2', '9', '4', '10', '48');
INSERT INTO `connect` VALUES ('650', '11', '9', '11', '0', '28');
INSERT INTO `connect` VALUES ('640', '1', '9', '1', '18', '51');
INSERT INTO `connect` VALUES ('645', '6', '9', '6', '6', '35');
INSERT INTO `connect` VALUES ('646', '7', '9', '8', '2', '33');
INSERT INTO `connect` VALUES ('648', '9', '9', '5', '8', '39');
INSERT INTO `connect` VALUES ('649', '10', '9', '12', '0', '0');
INSERT INTO `connect` VALUES ('647', '8', '9', '3', '12', '49');
INSERT INTO `connect` VALUES ('652', '13', '9', '10', '0', '29');
INSERT INTO `connect` VALUES ('643', '4', '9', '9', '0', '31');
INSERT INTO `connect` VALUES ('641', '2', '38', '3', '12', '24.06');
INSERT INTO `connect` VALUES ('649', '10', '38', '9', '0', '26.88');
INSERT INTO `connect` VALUES ('652', '13', '38', '11', '0', '0');
INSERT INTO `connect` VALUES ('642', '3', '38', '6', '6', '24.97');
INSERT INTO `connect` VALUES ('643', '4', '38', '4', '10', '24.65');
INSERT INTO `connect` VALUES ('650', '11', '38', '10', '0', '27.36');
INSERT INTO `connect` VALUES ('644', '5', '38', '1', '18', '21.53');
INSERT INTO `connect` VALUES ('647', '8', '38', '2', '14', '23.64');
INSERT INTO `connect` VALUES ('648', '9', '38', '8', '2', '26.56');
INSERT INTO `connect` VALUES ('646', '7', '38', '5', '8', '24.69');
INSERT INTO `connect` VALUES ('640', '1', '38', '12', '0', '0');
INSERT INTO `connect` VALUES ('645', '6', '38', '7', '4', '26.41');
INSERT INTO `connect` VALUES ('647', '8', '39', '5', '8', '22.59');
INSERT INTO `connect` VALUES ('644', '5', '39', '1', '18', '23.91');
INSERT INTO `connect` VALUES ('645', '6', '39', '11', '0', '21.86');
INSERT INTO `connect` VALUES ('648', '9', '39', '9', '0', '22.31');
INSERT INTO `connect` VALUES ('651', '12', '39', '7', '4', '22.55');
INSERT INTO `connect` VALUES ('652', '13', '39', '2', '14', '23.80');
INSERT INTO `connect` VALUES ('643', '4', '39', '8', '2', '22.35');
INSERT INTO `connect` VALUES ('646', '7', '39', '6', '6', '22.56');
INSERT INTO `connect` VALUES ('642', '3', '39', '3', '12', '23.50');
INSERT INTO `connect` VALUES ('649', '10', '39', '12', '0', '21.23');
INSERT INTO `connect` VALUES ('650', '11', '39', '13', '0', '0');
INSERT INTO `connect` VALUES ('641', '2', '39', '4', '10', '22.74');
INSERT INTO `connect` VALUES ('640', '1', '39', '10', '0', '22.10');
INSERT INTO `connect` VALUES ('640', '1', '20', null, null, '');
INSERT INTO `connect` VALUES ('652', '13', '20', null, null, '');
INSERT INTO `connect` VALUES ('649', '10', '19', null, null, '');
INSERT INTO `connect` VALUES ('648', '9', '19', null, null, '');
INSERT INTO `connect` VALUES ('647', '8', '19', null, null, '');
INSERT INTO `connect` VALUES ('646', '7', '19', null, null, '');
INSERT INTO `connect` VALUES ('645', '6', '19', null, null, '');
INSERT INTO `connect` VALUES ('644', '5', '19', null, null, '');
INSERT INTO `connect` VALUES ('643', '4', '19', null, null, '');
INSERT INTO `connect` VALUES ('640', '1', '19', null, null, '');
INSERT INTO `connect` VALUES ('641', '2', '19', null, null, '');
INSERT INTO `connect` VALUES ('642', '3', '19', null, null, '');
INSERT INTO `connect` VALUES ('650', '11', '19', null, null, '');
INSERT INTO `connect` VALUES ('651', '12', '19', null, null, '');
INSERT INTO `connect` VALUES ('652', '13', '19', null, null, '');
INSERT INTO `connect` VALUES ('651', '12', '20', null, null, '');
INSERT INTO `connect` VALUES ('650', '11', '20', null, null, '');
INSERT INTO `connect` VALUES ('649', '10', '20', null, null, '');
INSERT INTO `connect` VALUES ('648', '9', '20', null, null, '');
INSERT INTO `connect` VALUES ('647', '8', '20', null, null, '');
INSERT INTO `connect` VALUES ('641', '2', '20', null, null, '');
INSERT INTO `connect` VALUES ('642', '3', '20', null, null, '');
INSERT INTO `connect` VALUES ('643', '4', '20', null, null, '');
INSERT INTO `connect` VALUES ('644', '5', '20', null, null, '');
INSERT INTO `connect` VALUES ('645', '6', '20', null, null, '');
INSERT INTO `connect` VALUES ('646', '7', '20', null, null, '');
INSERT INTO `connect` VALUES ('642', '3', '21', '7', '4', '1:52:46');
INSERT INTO `connect` VALUES ('641', '2', '21', '1', '18', '1:31: 35');
INSERT INTO `connect` VALUES ('650', '11', '21', '12', '0', '2:24:57');
INSERT INTO `connect` VALUES ('648', '9', '21', '4', '10', '1:45:00');
INSERT INTO `connect` VALUES ('640', '1', '21', '6', '6', '1:49:35');
INSERT INTO `connect` VALUES ('645', '6', '21', '10', '0', '1:56:75');
INSERT INTO `connect` VALUES ('646', '7', '21', '9', '0', '1:53:58');
INSERT INTO `connect` VALUES ('643', '4', '21', '5', '8', '1:46:59');
INSERT INTO `connect` VALUES ('647', '8', '21', '3', '12', '1:40:84');
INSERT INTO `connect` VALUES ('644', '5', '21', '2', '14', '1:37:03');
INSERT INTO `connect` VALUES ('652', '13', '21', '11', '0', '2:10:29');
INSERT INTO `connect` VALUES ('649', '10', '21', '8', '2', '1:52:81');
INSERT INTO `connect` VALUES ('645', '6', '22', '4', '10', '218');
INSERT INTO `connect` VALUES ('641', '2', '22', '2', '14', '234');
INSERT INTO `connect` VALUES ('648', '9', '22', '7', '4', '151');
INSERT INTO `connect` VALUES ('650', '11', '22', '10', '0', '66');
INSERT INTO `connect` VALUES ('646', '7', '22', '8', '2', '143');
INSERT INTO `connect` VALUES ('644', '5', '22', '1', '18', '296');
INSERT INTO `connect` VALUES ('647', '8', '22', '6', '6', '169');
INSERT INTO `connect` VALUES ('649', '10', '22', '11', '0', '0');
INSERT INTO `connect` VALUES ('640', '1', '22', '5', '8', '185');
INSERT INTO `connect` VALUES ('651', '12', '22', '9', '0', '134');
INSERT INTO `connect` VALUES ('652', '13', '22', '3', '12', '232');
INSERT INTO `connect` VALUES ('652', '13', '40', '5', '8', '429');
INSERT INTO `connect` VALUES ('650', '11', '40', '11', '0', '363');
INSERT INTO `connect` VALUES ('649', '10', '40', '12', '0', '356');
INSERT INTO `connect` VALUES ('643', '4', '40', '6', '6', '421');
INSERT INTO `connect` VALUES ('642', '3', '40', '9', '0', '381');
INSERT INTO `connect` VALUES ('644', '5', '40', '4', '10', '441');
INSERT INTO `connect` VALUES ('648', '9', '40', '8', '2', '395');
INSERT INTO `connect` VALUES ('647', '8', '40', '1', '18', '506');
INSERT INTO `connect` VALUES ('646', '7', '40', '7', '4', '399');
INSERT INTO `connect` VALUES ('640', '1', '40', '2', '14', '466');
INSERT INTO `connect` VALUES ('641', '2', '40', '3', '12', '458');
INSERT INTO `connect` VALUES ('645', '6', '40', '10', '0', '369');
INSERT INTO `connect` VALUES ('642', '3', '52', '8', '2', '15.03');
INSERT INTO `connect` VALUES ('650', '11', '52', '10', '0', '21.06');
INSERT INTO `connect` VALUES ('644', '5', '52', '1', '18', '12.53');
INSERT INTO `connect` VALUES ('647', '8', '52', '7', '4', '13.65');
INSERT INTO `connect` VALUES ('643', '4', '52', '3', '12', '13.19');
INSERT INTO `connect` VALUES ('641', '2', '52', '2', '14', '12.75');
INSERT INTO `connect` VALUES ('649', '10', '52', '11', '0', '0');
INSERT INTO `connect` VALUES ('652', '13', '52', '9', '0', '15.54');
INSERT INTO `connect` VALUES ('648', '9', '52', '4', '10', '13.49');
INSERT INTO `connect` VALUES ('646', '7', '52', '5', '8', '13.53');
INSERT INTO `connect` VALUES ('640', '1', '52', '12', '0', '0');
INSERT INTO `connect` VALUES ('645', '6', '52', '6', '6', '13.57');
INSERT INTO `connect` VALUES ('642', '3', '1', '0', '0', '');
INSERT INTO `connect` VALUES ('645', '6', '1', '10', '0', '1:56:75');
INSERT INTO `connect` VALUES ('648', '9', '1', null, '0', '');
INSERT INTO `connect` VALUES ('643', '4', '1', '0', '0', '');
INSERT INTO `connect` VALUES ('641', '2', '1', '0', '0', '');
INSERT INTO `connect` VALUES ('644', '5', '1', '0', '0', '');
INSERT INTO `connect` VALUES ('645', '6', '1', '10', '0', '1:56:75');
INSERT INTO `connect` VALUES ('646', '7', '1', '9', '0', '1:53:58');
INSERT INTO `connect` VALUES ('647', '8', '1', '0', '0', '');
INSERT INTO `connect` VALUES ('648', '9', '1', null, '0', '');
INSERT INTO `connect` VALUES ('640', '1', '1', null, '0', '');
INSERT INTO `connect` VALUES ('2', '1', '1', null, '0', '');
INSERT INTO `connect` VALUES ('184', '5', '1', '0', '0', '');
INSERT INTO `connect` VALUES ('182', '5', '5', '0', '0', '');
INSERT INTO `connect` VALUES ('337', '8', '5', null, '0', '');
INSERT INTO `connect` VALUES ('72', '2', '5', null, '0', '');
INSERT INTO `connect` VALUES ('603', '13', '5', null, '0', '');
INSERT INTO `connect` VALUES ('338', '8', '5', null, '0', '');
INSERT INTO `connect` VALUES ('601', '13', '5', null, '0', '');
INSERT INTO `connect` VALUES ('604', '13', '5', null, '0', '');
INSERT INTO `connect` VALUES ('605', '13', '5', null, '0', '');
INSERT INTO `connect` VALUES ('35', '1', '5', null, '0', '');
INSERT INTO `connect` VALUES ('340', '8', '5', null, '0', '');
INSERT INTO `connect` VALUES ('73', '2', '5', null, '0', '');
INSERT INTO `connect` VALUES ('281', '7', '5', null, '0', '');
INSERT INTO `connect` VALUES ('75', '2', '5', null, '0', '');
INSERT INTO `connect` VALUES ('74', '2', '5', null, '0', '');
INSERT INTO `connect` VALUES ('569', '12', '5', null, '0', '');
INSERT INTO `connect` VALUES ('339', '8', '5', null, '0', '');
INSERT INTO `connect` VALUES ('307', '8', '6', null, '0', '');
INSERT INTO `connect` VALUES ('262', '7', '6', null, '0', '');
INSERT INTO `connect` VALUES ('198', '6', '6', '0', '0', '');
INSERT INTO `connect` VALUES ('146', '5', '6', null, '0', '');
INSERT INTO `connect` VALUES ('60', '2', '6', '0', '0', '');
INSERT INTO `connect` VALUES ('573', '13', '6', null, '0', '');
INSERT INTO `connect` VALUES ('309', '8', '6', null, '0', '');
INSERT INTO `connect` VALUES ('574', '13', '6', null, '0', '');
INSERT INTO `connect` VALUES ('15', '1', '6', null, '0', '');
INSERT INTO `connect` VALUES ('253', '7', '6', null, '0', '');
INSERT INTO `connect` VALUES ('577', '13', '6', null, '0', '');
INSERT INTO `connect` VALUES ('255', '7', '6', null, '0', '');
INSERT INTO `connect` VALUES ('311', '8', '6', null, '0', '');
INSERT INTO `connect` VALUES ('51', '2', '6', null, '0', '');
INSERT INTO `connect` VALUES ('425', '10', '6', null, '0', '');
INSERT INTO `connect` VALUES ('203', '6', '6', null, '0', '');
INSERT INTO `connect` VALUES ('182', '5', '13', '1', '9', '14.0');
INSERT INTO `connect` VALUES ('337', '8', '13', '3', '6', '14.3');
INSERT INTO `connect` VALUES ('603', '13', '13', '2', '7', '14.2');
INSERT INTO `connect` VALUES ('338', '8', '13', '4', '5', '14.5');
INSERT INTO `connect` VALUES ('72', '2', '13', '5', '4', '14.7');
INSERT INTO `connect` VALUES ('601', '13', '13', '6', '3', '14.8');
INSERT INTO `connect` VALUES ('604', '13', '13', '7', '2', '14.8');
INSERT INTO `connect` VALUES ('73', '2', '13', '8', '1', '14.9');
INSERT INTO `connect` VALUES ('198', '6', '14', '1', '9', '11.5');
INSERT INTO `connect` VALUES ('307', '8', '14', '4', '5', '11.89');
INSERT INTO `connect` VALUES ('253', '7', '14', '3', '6', '11.88');
INSERT INTO `connect` VALUES ('146', '5', '14', '6', '3', '12.0');
INSERT INTO `connect` VALUES ('262', '7', '14', '2', '7', '11.82');
INSERT INTO `connect` VALUES ('574', '13', '14', '8', '1', '12.3');
INSERT INTO `connect` VALUES ('15', '1', '14', '5', '4', '11.96');
INSERT INTO `connect` VALUES ('309', '8', '14', '7', '2', '12.2');
INSERT INTO `connect` VALUES ('641', '2', '34', '1', '18', '5:02.1');
INSERT INTO `connect` VALUES ('647', '8', '34', '3', '12', '5:08.5');
INSERT INTO `connect` VALUES ('646', '7', '34', '4', '10', '5:29.1');
INSERT INTO `connect` VALUES ('652', '13', '34', '2', '14', '5:04.0');
INSERT INTO `connect` VALUES ('640', '1', '34', '5', '8', '5:39.5');
INSERT INTO `connect` VALUES ('650', '11', '34', '7', '4', '5:49.3');
INSERT INTO `connect` VALUES ('645', '6', '34', '6', '6', '5:45.1');
INSERT INTO `connect` VALUES ('648', '9', '34', '8', '2', '5:52.4');
INSERT INTO `connect` VALUES ('641', '2', '35', '8', '0', '0');
INSERT INTO `connect` VALUES ('645', '6', '35', '5', '8', '4 07 4');
INSERT INTO `connect` VALUES ('646', '7', '35', '7', '0', '0');
INSERT INTO `connect` VALUES ('644', '5', '35', '1', '18', '3 58 5');
INSERT INTO `connect` VALUES ('643', '4', '35', '3', '12', '4 02 7');
INSERT INTO `connect` VALUES ('647', '8', '35', '2', '14', '4 01 7');
INSERT INTO `connect` VALUES ('652', '13', '35', '4', '10', '4 04 9');
INSERT INTO `connect` VALUES ('640', '1', '35', '6', '6', '4 07 7');
INSERT INTO `connect` VALUES ('52', '2', '27', '1', '9', '15.8');
INSERT INTO `connect` VALUES ('576', '13', '27', '3', '6', '17.7');
INSERT INTO `connect` VALUES ('201', '6', '27', '4', '5', '18.5');
INSERT INTO `connect` VALUES ('372', '9', '27', '2', '7', '17.6');
INSERT INTO `connect` VALUES ('1', '1', '27', '5', '4', '18.6');
INSERT INTO `connect` VALUES ('577', '13', '27', '7', '2', '19.5');
INSERT INTO `connect` VALUES ('574', '13', '27', '6', '3', '19.4');
INSERT INTO `connect` VALUES ('255', '7', '27', '8', '1', '21.9');
INSERT INTO `connect` VALUES ('602', '13', '17', '1', '9', '1.05.9');
INSERT INTO `connect` VALUES ('100', '3', '17', '4', '5', '1.13.6');
INSERT INTO `connect` VALUES ('77', '2', '17', '3', '6', '1.12.5');
INSERT INTO `connect` VALUES ('281', '7', '17', '8', '1', '1.25.6');
INSERT INTO `connect` VALUES ('345', '8', '17', '5', '4', '1.16.6');
INSERT INTO `connect` VALUES ('604', '13', '17', '6', '3', '1.16.9');
INSERT INTO `connect` VALUES ('76', '2', '17', '2', '7', '1.09.15');
INSERT INTO `connect` VALUES ('80', '2', '17', '7', '2', '1.20.3');
INSERT INTO `connect` VALUES ('198', '6', '18', '4', '12', '0.56.3');
INSERT INTO `connect` VALUES ('253', '7', '18', '2', '7', '0.55.0');
INSERT INTO `connect` VALUES ('147', '5', '18', '1', '9', '0.54.9');
INSERT INTO `connect` VALUES ('57', '2', '18', '3', '6', '0.56.2');
INSERT INTO `connect` VALUES ('207', '6', '18', '6', '3', '0.59.2');
INSERT INTO `connect` VALUES ('55', '2', '18', '5', '4', '0.56.7');
INSERT INTO `connect` VALUES ('316', '8', '18', '8', '1', '1.03.1');
INSERT INTO `connect` VALUES ('315', '8', '18', '7', '2', '1.00.6');
INSERT INTO `connect` VALUES ('647', '8', '49', '2', '14', '0:57.8');
INSERT INTO `connect` VALUES ('652', '13', '49', '1', '18', '0:57.7');
INSERT INTO `connect` VALUES ('641', '2', '49', '3', '12', '0:59.4');
INSERT INTO `connect` VALUES ('642', '3', '49', '4', '10', '0:59.5');
INSERT INTO `connect` VALUES ('644', '5', '49', '5', '8', '1:00.6');
INSERT INTO `connect` VALUES ('643', '4', '49', '6', '6', '1:01.7');
INSERT INTO `connect` VALUES ('640', '1', '49', '7', '4', '1:02.3');
INSERT INTO `connect` VALUES ('646', '7', '49', '8', '2', '1:02.7');
INSERT INTO `connect` VALUES ('647', '8', '50', '2', '14', '47.7');
INSERT INTO `connect` VALUES ('641', '2', '50', '5', '8', '48.1');
INSERT INTO `connect` VALUES ('652', '13', '50', '1', '18', '47.4');
INSERT INTO `connect` VALUES ('644', '5', '50', '6', '6', '48.6');
INSERT INTO `connect` VALUES ('645', '6', '50', '4', '10', '47.8');
INSERT INTO `connect` VALUES ('646', '7', '50', '3', '12', '47.7');
INSERT INTO `connect` VALUES ('640', '1', '50', '7', '4', '48.9');
INSERT INTO `connect` VALUES ('648', '9', '50', '8', '2', '51.0');
INSERT INTO `connect` VALUES ('602', '13', '32', '0', '0', '');
INSERT INTO `connect` VALUES ('182', '5', '32', null, '0', '');
INSERT INTO `connect` VALUES ('338', '8', '32', null, '0', '');
INSERT INTO `connect` VALUES ('72', '2', '32', null, '0', '');
INSERT INTO `connect` VALUES ('603', '13', '32', null, '0', '');
INSERT INTO `connect` VALUES ('35', '1', '32', null, '0', '');
INSERT INTO `connect` VALUES ('73', '2', '32', null, '0', '');
INSERT INTO `connect` VALUES ('281', '7', '32', null, '0', '');
INSERT INTO `connect` VALUES ('97', '3', '1', null, '0', '');
INSERT INTO `connect` VALUES ('605', '13', '1', null, '0', '');
INSERT INTO `connect` VALUES ('127', '4', '1', null, '0', '');
INSERT INTO `connect` VALUES ('75', '2', '1', null, '0', '');
INSERT INTO `connect` VALUES ('606', '13', '1', null, '0', '');
INSERT INTO `connect` VALUES ('340', '8', '1', null, '0', '');
INSERT INTO `connect` VALUES ('131', '4', '1', null, '0', '');
INSERT INTO `connect` VALUES ('184', '5', '1', null, '0', '');
INSERT INTO `connect` VALUES ('97', '3', '32', null, '0', '');
INSERT INTO `connect` VALUES ('605', '13', '32', null, '0', '');
INSERT INTO `connect` VALUES ('127', '4', '32', null, '0', '');
INSERT INTO `connect` VALUES ('75', '2', '32', null, '0', '');
INSERT INTO `connect` VALUES ('606', '13', '32', null, '0', '');
INSERT INTO `connect` VALUES ('340', '8', '32', null, '0', '');
INSERT INTO `connect` VALUES ('131', '4', '32', null, '0', '');
INSERT INTO `connect` VALUES ('184', '5', '32', null, '0', '');
INSERT INTO `connect` VALUES ('575', '13', '33', null, '0', '');
INSERT INTO `connect` VALUES ('198', '6', '33', null, '0', '');
INSERT INTO `connect` VALUES ('206', '6', '33', null, '0', '');
INSERT INTO `connect` VALUES ('146', '5', '33', null, '0', '');
INSERT INTO `connect` VALUES ('307', '8', '33', null, '0', '');
INSERT INTO `connect` VALUES ('253', '7', '33', null, '0', '');
INSERT INTO `connect` VALUES ('574', '13', '33', null, '0', '');
INSERT INTO `connect` VALUES ('53', '2', '33', null, '0', '');
INSERT INTO `connect` VALUES ('50', '2', '33', null, '0', '');
INSERT INTO `connect` VALUES ('576', '13', '33', null, '0', '');
INSERT INTO `connect` VALUES ('313', '8', '33', null, '0', '');
INSERT INTO `connect` VALUES ('147', '5', '33', null, '0', '');
INSERT INTO `connect` VALUES ('312', '8', '33', null, '0', '');
INSERT INTO `connect` VALUES ('254', '7', '33', null, '0', '');
INSERT INTO `connect` VALUES ('51', '2', '33', null, '0', '');
INSERT INTO `connect` VALUES ('90', '3', '33', null, '0', '');
INSERT INTO `connect` VALUES ('76', '2', '47', '1', '9', '2 56 7');
INSERT INTO `connect` VALUES ('41', '1', '47', '2', '7', '2 56 8');
INSERT INTO `connect` VALUES ('349', '8', '47', '3', '6', '3 00 7');
INSERT INTO `connect` VALUES ('283', '7', '47', '4', '5', '3 04 0');
INSERT INTO `connect` VALUES ('473', '10', '47', '5', '4', '3 06 1');
INSERT INTO `connect` VALUES ('81', '2', '47', '7', '2', '3 12 3');
INSERT INTO `connect` VALUES ('82', '2', '47', '8', '1', '3 20 4');
INSERT INTO `connect` VALUES ('80', '2', '47', '6', '3', '3 11 2');
INSERT INTO `connect` VALUES ('199', '6', '48', '1', '9', '2:15.3');
INSERT INTO `connect` VALUES ('157', '5', '48', '3', '6', '2:20.9');
INSERT INTO `connect` VALUES ('55', '2', '48', '2', '7', '2:15.7');
INSERT INTO `connect` VALUES ('57', '2', '48', '4', '5', '2:21.1');
INSERT INTO `connect` VALUES ('584', '13', '48', '7', '2', '2:25.0');
INSERT INTO `connect` VALUES ('582', '13', '48', '6', '3', '2:24.1');
INSERT INTO `connect` VALUES ('319', '8', '48', '8', '1', '2:27.3');
INSERT INTO `connect` VALUES ('56', '2', '48', '5', '4', '2:23.3');
INSERT INTO `connect` VALUES ('182', '5', '44', '1', '9', '28.5');
INSERT INTO `connect` VALUES ('602', '13', '44', '2', '14', '28.6');
INSERT INTO `connect` VALUES ('338', '8', '44', '3', '6', '29.4');
INSERT INTO `connect` VALUES ('72', '2', '44', '4', '5', '30.1');
INSERT INTO `connect` VALUES ('603', '13', '44', '5', '4', '30.5');
INSERT INTO `connect` VALUES ('35', '1', '44', '6', '3', '31.1');
INSERT INTO `connect` VALUES ('73', '2', '44', '7', '2', '31.1');
INSERT INTO `connect` VALUES ('127', '4', '44', '8', '1', '31.1');
INSERT INTO `connect` VALUES ('198', '6', '45', '1', '9', '23.1');
INSERT INTO `connect` VALUES ('575', '13', '45', '4', '5', '23.7');
INSERT INTO `connect` VALUES ('307', '8', '45', '3', '6', '23.5');
INSERT INTO `connect` VALUES ('253', '7', '45', '2', '7', '23.4');
INSERT INTO `connect` VALUES ('574', '13', '45', '8', '1', '25.3');
INSERT INTO `connect` VALUES ('146', '5', '45', '7', '2', '25.2');
INSERT INTO `connect` VALUES ('206', '6', '45', '5', '4', '24.2');
INSERT INTO `connect` VALUES ('90', '3', '45', '6', '3', '24.5');

-- ----------------------------
-- Table structure for match_project
-- ----------------------------
DROP TABLE IF EXISTS `match_project`;
CREATE TABLE `match_project` (
  `id` int(11) NOT NULL AUTO_INCREMENT,
  `name` varchar(30) NOT NULL COMMENT '比赛名称',
  `type` int(11) DEFAULT NULL COMMENT '比赛类型',
  `time` datetime DEFAULT NULL COMMENT '时间',
  PRIMARY KEY (`id`)
) ENGINE=InnoDB AUTO_INCREMENT=54 DEFAULT CHARSET=utf8;

-- ----------------------------
-- Records of match_project
-- ----------------------------
INSERT INTO `match_project` VALUES ('1', '女子100米 预赛', '0', '2019-04-24 08:40:00');
INSERT INTO `match_project` VALUES ('2', '男子100米 预赛', '0', '2019-04-24 09:04:00');
INSERT INTO `match_project` VALUES ('3', '女子1500米 决赛', '0', '2019-04-24 10:07:00');
INSERT INTO `match_project` VALUES ('4', '男子1500米 决赛', '0', '2019-04-24 10:27:00');
INSERT INTO `match_project` VALUES ('5', '女子100米 复赛', '0', '2019-04-24 10:47:00');
INSERT INTO `match_project` VALUES ('6', '男子100米 复赛', '0', '2019-04-24 10:55:00');
INSERT INTO `match_project` VALUES ('7', '女子4*400米 预赛', '1', '2019-04-24 11:03:00');
INSERT INTO `match_project` VALUES ('8', '男子4*400米 预赛', '1', '2019-04-24 11:23:00');
INSERT INTO `match_project` VALUES ('9', '男女子接力投篮 决赛', '1', '2019-04-24 09:30:00');
INSERT INTO `match_project` VALUES ('10', '女子跳远 决赛', '0', '2019-04-24 09:00:00');
INSERT INTO `match_project` VALUES ('11', '男子铅球 决赛', '0', '2019-04-24 08:40:00');
INSERT INTO `match_project` VALUES ('12', '男子110米栏 预赛', '0', '2019-04-24 14:30:00');
INSERT INTO `match_project` VALUES ('13', '女子100米 决赛', '0', '2019-04-24 15:13:00');
INSERT INTO `match_project` VALUES ('14', '男子100米 决赛', '0', '2019-04-24 15:17:00');
INSERT INTO `match_project` VALUES ('15', '女子400米 预赛', '0', '2019-04-24 15:21:00');
INSERT INTO `match_project` VALUES ('16', '男子400米 预赛', '0', '2019-04-24 15:46:00');
INSERT INTO `match_project` VALUES ('17', '女子400米 决赛', '0', '2019-04-24 16:51:00');
INSERT INTO `match_project` VALUES ('18', '男子400米 决赛', '0', '2019-04-24 16:56:00');
INSERT INTO `match_project` VALUES ('19', '女子4*100米 预赛', '1', '2019-04-24 17:01:00');
INSERT INTO `match_project` VALUES ('20', '男子4*100米 预赛', '1', '2019-04-24 17:21:00');
INSERT INTO `match_project` VALUES ('21', '男女子障碍接力 决赛', '1', '2019-04-24 14:30:00');
INSERT INTO `match_project` VALUES ('22', '男子引体向上团体赛 决赛', '1', '2019-04-24 15:00:00');
INSERT INTO `match_project` VALUES ('23', '男子跳远 决赛', '0', '2019-04-24 14:30:00');
INSERT INTO `match_project` VALUES ('24', '女子铅球 决赛', '0', '2019-04-24 14:30:00');
INSERT INTO `match_project` VALUES ('25', '女子跳高 决赛', '0', '2019-04-24 15:30:00');
INSERT INTO `match_project` VALUES ('26', '男子标枪 决赛', '0', '2019-04-24 14:30:00');
INSERT INTO `match_project` VALUES ('27', '男子110米栏 决赛', '0', '2019-04-25 08:30:00');
INSERT INTO `match_project` VALUES ('28', '女子200米 预赛', '0', '2019-04-25 08:35:00');
INSERT INTO `match_project` VALUES ('29', '男子200米 预赛', '0', '2019-04-25 08:59:00');
INSERT INTO `match_project` VALUES ('30', '女子800米 预赛', '0', '2019-04-25 09:43:00');
INSERT INTO `match_project` VALUES ('31', '男子800米 预赛', '0', '2019-04-25 10:20:00');
INSERT INTO `match_project` VALUES ('32', '女子200米 复赛', '0', '2019-04-25 11:00:00');
INSERT INTO `match_project` VALUES ('33', '男子200米 复赛', '0', '2019-04-25 11:08:00');
INSERT INTO `match_project` VALUES ('34', '女子4*400米 决赛', '1', '2019-04-25 11:36:00');
INSERT INTO `match_project` VALUES ('35', '男子4*400米 决赛', '1', '2019-04-25 11:46:00');
INSERT INTO `match_project` VALUES ('36', '女子滚铁环 决赛', '1', '2019-04-24 08:40:00');
INSERT INTO `match_project` VALUES ('37', '男子滚铁环 决赛', '1', '2019-04-25 08:30:00');
INSERT INTO `match_project` VALUES ('38', '男女子七人龙卷风 决赛', '1', '2019-04-24 10:10:00');
INSERT INTO `match_project` VALUES ('39', '男女子立定跳远团体赛 决赛', '1', '2019-04-24 09:30:00');
INSERT INTO `match_project` VALUES ('40', '女子仰卧起坐团体赛 决赛', '1', '2019-04-25 09:00:00');
INSERT INTO `match_project` VALUES ('41', '男子三级跳远 决赛', '0', '2019-04-25 08:30:00');
INSERT INTO `match_project` VALUES ('42', '女子标枪 决赛', '0', '2019-04-25 09:00:00');
INSERT INTO `match_project` VALUES ('43', '男子跳高 决赛', '0', '2019-04-24 09:30:00');
INSERT INTO `match_project` VALUES ('44', '女子200米 决赛', '0', '2019-04-25 14:30:00');
INSERT INTO `match_project` VALUES ('45', '男子200米 决赛', '0', '2019-04-25 14:35:00');
INSERT INTO `match_project` VALUES ('46', '女子3000米 决赛', '0', '2019-04-25 14:40:00');
INSERT INTO `match_project` VALUES ('47', '女子800米 决赛', '0', '2019-04-25 15:16:00');
INSERT INTO `match_project` VALUES ('48', '男子800米 决赛', '0', '2019-04-25 15:24:00');
INSERT INTO `match_project` VALUES ('49', '女子4*100米 决赛', '1', '2019-04-25 15:32:00');
INSERT INTO `match_project` VALUES ('50', '男子4*100米 决赛', '1', '2019-04-25 15:42:00');
INSERT INTO `match_project` VALUES ('51', '男子5000米 决赛', '0', '2019-04-25 15:52:00');
INSERT INTO `match_project` VALUES ('52', '男女子十五人十六足 决赛', '1', '2019-04-25 15:00:00');
INSERT INTO `match_project` VALUES ('53', '女子三级跳远 决赛', '0', '2019-04-25 14:30:00');

-- ----------------------------
-- Table structure for user
-- ----------------------------
DROP TABLE IF EXISTS `user`;
CREATE TABLE `user` (
  `id` int(11) NOT NULL COMMENT '编号',
  `user_name` varchar(20) DEFAULT NULL COMMENT '用户名',
  `password` varchar(20) DEFAULT NULL COMMENT '密码',
  PRIMARY KEY (`id`)
) ENGINE=InnoDB DEFAULT CHARSET=utf8;

-- ----------------------------
-- Records of user
-- ----------------------------
INSERT INTO `user` VALUES ('1', 'jifenbang', '123456');
